horizon,bucket,sym,n,n_active,active_rate,sum_pnl,per_trade_pnl,hit_rate_active
5,mid_morn_10:00-11:20,0,36984,19529,0.5280391520657581,0.5555730273910054,2.844861628301528e-05,0.19458241589431102
5,mid_morn_10:00-11:20,1,36984,33687,0.9108533419857235,2.5850807042336665,7.673822852238746e-05,0.3275150651586666
5,mid_morn_10:00-11:20,2,36984,15968,0.43175427211767253,2.6127241375192796,0.00016362250360215928,0.27060370741482964
5,mid_morn_10:00-11:20,3,36984,4325,0.11694246160501838,0.9271742447335276,0.0002143755479152665,0.15815028901734104
5,mid_morn_10:00-11:20,4,36984,25121,0.6792396712091715,3.185241738304361,0.00012679597700347763,0.28673221607420085
5,mid_morn_10:00-11:20,-1,184920,98630,0.5333657797966689,9.865793852181842,0.00010002832659618617,0.27416607523066006
5,open_09:40-10:00,0,7224,6032,0.8349944629014396,-0.04219871493553733,-6.9958081789683906e-06,0.17175066312997347
5,open_09:40-10:00,1,7224,7215,0.9987541528239202,1.2690448995194867,0.00017588979896319984,0.4146916146916147
5,open_09:40-10:00,2,7224,6026,0.8341638981173864,0.9664639389200942,0.0001603823330434939,0.3015267175572519
5,open_09:40-10:00,3,7224,2057,0.2847452934662237,0.36225812378726907,0.00017610992891943075,0.14632960622265434
5,open_09:40-10:00,4,7224,6671,0.9234496124031008,1.460601999267801,0.00021894798370076466,0.37670514165792235
5,open_09:40-10:00,-1,36120,28001,0.7752214839424142,4.016170246559114,0.00014342952917964052,0.3092389557515803
5,pm_late_13:30-14:50,0,29784,5867,0.1969849583669084,0.5102786063316372,8.697436617208748e-05,0.25873529913073123
5,pm_late_13:30-14:50,1,29784,21834,0.7330781627719581,0.9691530452546855,4.438733375719912e-05,0.29225061830173127
5,pm_late_13:30-14:50,2,29784,3054,0.10253827558420628,0.4268046622968291,0.00013975267265776986,0.2134905042567125
5,pm_late_13:30-14:50,3,29784,2726,0.09152565135643298,0.8089494108323755,0.00029675326883065866,0.1936903888481291
5,pm_late_13:30-14:50,4,29784,11418,0.38336019339242544,1.2095424549943097,0.00010593295279333593,0.244438605710282
5,pm_late_13:30-14:50,-1,148920,44899,0.30149744829438624,3.9247281797098363,8.74123739885039e-05,0.2643711441234771
5,pm_open_13:10-13:30,0,14424,4480,0.3105934553521908,0.1299636001488194,2.9009732176075763e-05,0.20133928571428572
5,pm_open_13:10-13:30,1,14424,11498,0.7971436494731003,0.560844487563465,4.87775689305501e-05,0.29813880674899984
5,pm_open_13:10-13:30,2,14424,2151,0.14912645590682197,0.2382649780893163,0.00011076939939066309,0.20548582054858205
5,pm_open_13:10-13:30,3,14424,1265,0.08770105379922352,0.37278059012554593,0.00029468821353798095,0.18972332015810275
5,pm_open_13:10-13:30,4,14424,6831,0.473585690515807,0.829846168935618,0.00012148238456091612,0.27243448982579416
5,pm_open_13:10-13:30,-1,72120,26225,0.36363006100942874,2.131699824862765,8.128502668685472e-05,0.2620781696854147
10,mid_morn_10:00-11:20,0,36984,30347,0.8205440190352585,0.14550151219066287,4.794592947924436e-06,0.19221010314034337
10,mid_morn_10:00-11:20,1,36984,35796,0.9678780012978585,2.6539337557705416,7.414051167087221e-05,0.38241702983573583
10,mid_morn_10:00-11:20,2,36984,24916,0.6736967337226909,3.505753261269378,0.00014070289216846116,0.30277733183496547
10,mid_morn_10:00-11:20,3,36984,6397,0.17296668829764222,1.1672710610957446,0.00018247163687599573,0.14944505236829764
10,mid_morn_10:00-11:20,4,36984,28772,0.7779580359074194,5.521001869765098,0.00019188801160034403,0.358821076046156
10,mid_morn_10:00-11:20,-1,184920,126228,0.6826086956521739,12.993461460091428,0.00010293644405434157,0.3037836296225877
10,open_09:40-10:00,0,7224,7115,0.9849114064230343,-0.006796926565049072,-9.552953710539806e-07,0.2163035839775123
10,open_09:40-10:00,1,7224,7224,1.0,1.427137106972626,0.00019755497051116084,0.464562569213732
10,open_09:40-10:00,2,7224,6959,0.9633167220376523,1.088652950747825,0.0001564381305859786,0.359965512286248
10,open_09:40-10:00,3,7224,3467,0.4799280177187154,0.5017741563543308,0.00014472862888789464,0.13585232189212576
10,open_09:40-10:00,4,7224,7020,0.9717607973421927,2.207411854669429,0.0003144461331437933,0.43703703703703706
10,open_09:40-10:00,-1,36120,31785,0.8799833887043189,5.218179142179162,0.00016417112292525286,0.344156048450527
10,pm_late_13:30-14:50,0,29784,8573,0.28783910824603814,0.5701426834347566,6.65044539175034e-05,0.2587192348069521
10,pm_late_13:30-14:50,1,29784,24692,0.8290357238785925,0.6253398932241471,2.53256072097905e-05,0.3284464603920298
10,pm_late_13:30-14:50,2,29784,7519,0.25245098039215685,0.6163698611579034,8.197497820958949e-05,0.19776566032717116
10,pm_late_13:30-14:50,3,29784,2727,0.09155922643029815,1.0656170032208414,0.00039076531104541306,0.23285661899523286
10,pm_late_13:30-14:50,4,29784,13261,0.44523905452591994,1.834939985194179,0.00013837116244583208,0.3192821054219139
10,pm_late_13:30-14:50,-1,148920,56772,0.3812248186946011,4.712409426231827,8.300587307531577e-05,0.2938772634397238
10,pm_open_13:10-13:30,0,14424,8005,0.5549778147531891,0.04252471406189734,5.312269089556195e-06,0.19487820112429732
10,pm_open_13:10-13:30,1,14424,12944,0.8973932334997227,0.5779750465415143,4.465196589473998e-05,0.33614029666254636
10,pm_open_13:10-13:30,2,14424,4594,0.3184969495285635,0.3007288310797024,6.54612170395521e-05,0.20047888550282977
10,pm_open_13:10-13:30,3,14424,1521,0.10544925124792014,0.4655615179943666,0.00030608909795816345,0.1932938856015779
10,pm_open_13:10-13:30,4,14424,8890,0.6163338879645036,1.602220074196591,0.00018022722994337357,0.33824521934758156
10,pm_open_13:10-13:30,-1,72120,35954,0.49853022739877983,2.989010183874072,8.313428780870201e-05,0.28183234132502644
20,mid_morn_10:00-11:20,0,36984,11863,0.32076032879082844,1.3480564102138768,0.00011363537134062858,0.12602208547584928
20,mid_morn_10:00-11:20,1,36984,32682,0.8836794289422453,2.3350077882471147,7.144629423680053e-05,0.2617648858698978
20,mid_morn_10:00-11:20,2,36984,30969,0.8373621025308241,3.7696274140386405,0.00012172260693075787,0.1973909393264232
20,mid_morn_10:00-11:20,3,36984,2382,0.06440622972096041,0.5585280063377321,0.0002344785920813317,0.20025188916876574
20,mid_morn_10:00-11:20,4,36984,30230,0.8173804888600475,6.248913197839192,0.000206712312201098,0.27945749255706254
20,mid_morn_10:00-11:20,-1,184920,108126,0.5847177157689811,14.260132816676556,0.00013188440168577915,0.2320255997632392
20,open_09:40-10:00,0,7224,6632,0.9180509413067552,-0.05322121282675282,-8.024911463623767e-06,0.06227382388419783
20,open_09:40-10:00,1,7224,7224,1.0,1.362327466626997,0.0001885835363547892,0.38192137320044295
20,open_09:40-10:00,2,7224,7216,0.9988925802879292,0.7427013069572155,0.00010292423876901544,0.28713968957871394
20,open_09:40-10:00,3,7224,2213,0.30633997785160577,0.39656406422466056,0.00017919749851995508,0.18481699051061906
20,open_09:40-10:00,4,7224,7220,0.9994462901439646,1.766072443011078,0.00024460837160818254,0.37119113573407203
20,open_09:40-10:00,-1,36120,30505,0.844545957918051,4.214444067993198,0.00013815584553329612,0.2731683330601541
20,pm_late_13:30-14:50,0,29784,499,0.01675396185871609,0.34193382901337,0.0006852381342953306,0.39478957915831664
20,pm_late_13:30-14:50,1,29784,17056,0.5726564598442117,0.23828033725733955,1.3970470054956588e-05,0.17882270168855535
20,pm_late_13:30-14:50,2,29784,12088,0.40585549288208433,0.5760546386188097,4.76550826124098e-05,0.08016214427531436
20,pm_late_13:30-14:50,3,29784,498,0.016720386784850928,0.20749807643167678,0.00041666280407967225,0.26907630522088355
20,pm_late_13:30-14:50,4,29784,9125,0.30637254901960786,1.9180314306929365,0.0002101952252814177,0.2508493150684932
20,pm_late_13:30-14:50,-1,148920,39266,0.26367177007789416,3.2817983120141325,8.357862557974156e-05,0.16907757347323385
20,pm_open_13:10-13:30,0,14424,412,0.028563505268996116,0.09245676695747303,0.0002244096285375559,0.15048543689320387
20,pm_open_13:10-13:30,1,14424,9627,0.6674292845257903,0.6306074938930204,6.550405047190406e-05,0.2155396281292199
20,pm_open_13:10-13:30,2,14424,7604,0.5271769273433167,0.2511477435390304,3.302837237493825e-05,0.08074697527617043
20,pm_open_13:10-13:30,3,14424,396,0.02745424292845258,0.12758690551899377,0.00032218915535099434,0.23737373737373738
20,pm_open_13:10-13:30,4,14424,7517,0.5211453133666112,2.1233101276857407,0.00028246775677607296,0.2555540774245045
20,pm_open_13:10-13:30,-1,72120,25556,0.3543538546866334,3.2251090375942586,0.00012619772411935588,0.18649240882767257
40,mid_morn_10:00-11:20,0,36984,17902,0.48404715552671423,1.09254628183228,6.1029286215634006e-05,0.14283320299407887
40,mid_morn_10:00-11:20,1,36984,34462,0.931808349556565,2.2613291771866506,6.561804820343134e-05,0.32017874760605886
40,mid_morn_10:00-11:20,2,36984,36133,0.9769900497512438,0.953583996706654,2.6390944474764175e-05,0.23906124595245343
40,mid_morn_10:00-11:20,3,36984,3640,0.09842093878433918,0.23522644583899552,6.4622649955768e-05,0.15412087912087913
40,mid_morn_10:00-11:20,4,36984,32179,0.8700789530607831,5.067595886577235,0.00015748145954122984,0.34221075856925326
40,mid_morn_10:00-11:20,-1,184920,124316,0.6722690893359291,9.610281788141812,7.730526873565601e-05,0.27190385791048616
40,open_09:40-10:00,0,7224,7100,0.9828349944629015,0.20580951238912573,2.8987255266074048e-05,0.13098591549295774
40,open_09:40-10:00,1,7224,7224,1.0,2.201846826380464,0.00030479607231180284,0.4237264673311185
40,open_09:40-10:00,2,7224,7224,1.0,0.7024243614823753,9.723482301804752e-05,0.35035991140642303
40,open_09:40-10:00,3,7224,3395,0.4699612403100775,0.5207625825215133,0.00015339104050707313,0.2159057437407953
40,open_09:40-10:00,4,7224,7224,1.0,2.189842435788709,0.00030313433496521446,0.42455703211517165
40,open_09:40-10:00,-1,36120,32167,0.8905592469545958,5.8206857185621885,0.00018095208501141507,0.3208878664469798
40,pm_late_13:30-14:50,0,29784,481,0.016149610529143165,0.19183002932838167,0.0003988150297887353,0.36174636174636177
40,pm_late_13:30-14:50,1,29784,17910,0.6013295729250604,-0.8477221760029894,-4.7332338135286955e-05,0.2309324399776661
40,pm_late_13:30-14:50,2,29784,23495,0.788846360461993,-0.6424185678821454,-2.7342777947739746e-05,0.10810810810810811
40,pm_late_13:30-14:50,3,29784,146,0.004901960784313725,0.0063052099947631425,4.318636982714481e-05,0.17123287671232876
40,pm_late_13:30-14:50,4,29784,11642,0.3908810099382219,1.6943329849619988,0.0001455362467756398,0.2862051193952929
40,pm_late_13:30-14:50,-1,148920,53674,0.36042170292774645,0.40232748040000843,7.495761083578799e-06,0.19016656109103103
40,pm_open_13:10-13:30,0,14424,444,0.030782029950083195,0.1372996122052148,0.0003092333608225559,0.28603603603603606
40,pm_open_13:10-13:30,1,14424,10619,0.7362035496394898,-0.407334214712986,-3.8358999407946694e-05,0.2580280629061117
40,pm_open_13:10-13:30,2,14424,12146,0.8420687742651137,-0.7200960355200986,-5.928668166640034e-05,0.11567594269718426
40,pm_open_13:10-13:30,3,14424,112,0.00776483638380477,0.079642748965472,0.0007110959729059999,0.38392857142857145
40,pm_open_13:10-13:30,4,14424,10324,0.7157515252357183,2.4533655521020368,0.00023763711275688075,0.29300658659434325
40,pm_open_13:10-13:30,-1,72120,33645,0.4665141430948419,1.5428776630396397,4.5857561689393366e-05,0.21816020211026899
60,mid_morn_10:00-11:20,0,36984,15128,0.409041747782825,1.2100271019722713,7.998592688870117e-05,0.18574828133262825
60,mid_morn_10:00-11:20,1,36984,34907,0.9438405797101449,1.5621155042163228,4.4750780766503076e-05,0.3532815767611081
60,mid_morn_10:00-11:20,2,36984,36276,0.9808565866320571,-2.440026806700442,-6.72628406301809e-05,0.2619086999669203
60,mid_morn_10:00-11:20,3,36984,16231,0.43886545533203547,-1.3649764982002963,-8.409688239789885e-05,0.11724477851025815
60,mid_morn_10:00-11:20,4,36984,34634,0.9364590093013195,4.490395807112497,0.00012965282113277407,0.3563839002136629
60,mid_morn_10:00-11:20,-1,184920,137176,0.7418126757516764,3.45753510840035,2.520510226570501e-05,0.2834971131976439
60,open_09:40-10:00,0,7224,6854,0.948781838316722,-0.3278826061768732,-4.78381392146007e-05,0.18558505981908374
60,open_09:40-10:00,1,7224,7224,1.0,0.7042910616974077,9.749322559487925e-05,0.42926356589147285
60,open_09:40-10:00,2,7224,7224,1.0,-0.45250450187176844,-6.263905064670106e-05,0.35811184939091917
60,open_09:40-10:00,3,7224,4550,0.6298449612403101,1.0044878345020118,0.0002207665570334092,0.25758241758241757
60,open_09:40-10:00,4,7224,7220,0.9994462901439646,1.5275427407118043,0.00021157101671908645,0.4443213296398892
60,open_09:40-10:00,-1,36120,33072,0.9156146179401994,2.455934528862582,7.4260236117035e-05,0.34288824383164007
60,pm_late_13:30-14:50,0,29784,416,0.013967230727907601,0.018023791288100187,4.332642136562545e-05,0.3317307692307692
60,pm_late_13:30-14:50,1,29784,18544,0.6226161697555734,-1.5850989484607978,-8.547772586609134e-05,0.26941328731665226
60,pm_late_13:30-14:50,2,29784,22751,0.7638665055063121,-0.9494005524967448,-4.1730058129169916e-05,0.15041097094633202
60,pm_late_13:30-14:50,3,29784,96,0.0032232070910556,-0.03814113835200667,-0.0003973035245000695,0.125
60,pm_late_13:30-14:50,4,29784,15400,0.5170561375235025,1.3207726757322686,8.576445946313433e-05,0.2988961038961039
60,pm_late_13:30-14:50,-1,148920,57207,0.38414585012087027,-1.23384417228918,-2.1568062864495254e-05,0.23023406226510743
60,pm_open_13:10-13:30,0,14424,539,0.037368275097060456,0.033932649546600926,6.295482290649523e-05,0.3098330241187384
60,pm_open_13:10-13:30,1,14424,11077,0.7679561841375485,-0.980594858827059,-8.852530999612341e-05,0.2872618940146249
60,pm_open_13:10-13:30,2,14424,11689,0.8103854686633388,-0.9442467785516562,-8.0780800628938e-05,0.17169988878432715
60,pm_open_13:10-13:30,3,14424,105,0.007279534109816971,0.07130676890015603,0.0006791120847633907,0.3619047619047619
60,pm_open_13:10-13:30,4,14424,12266,0.8503882418191903,3.51104935316557,0.00028624240609535057,0.34037175933474645
60,pm_open_13:10-13:30,-1,72120,35676,0.494675540765391,1.6914471342336115,4.741134472008105e-05,0.2682195313375939
