feat,fi_base_norm,fi_aug_a_norm,delta,rank_base,rank_aug_a,rank_diff
open,0.016453751859489225,0.024333858497313104,0.007880106637823878,14,4,10
high,0.0189139454600482,0.022918936260534106,0.004004990800485907,9,5,4
low,0.017333113172029825,0.01688780025216846,-0.00044531291986136395,12,12,0
close,0.0005800135996950512,0.0006137835737729845,3.376997407793334e-05,150,119,31
volume_delta,3.710512576236194e-05,0.00022580942982326074,0.0001887043040608988,177,134,43
amount_delta,0.0006013448479569519,0.000415799909343902,-0.0001855449386130499,148,129,19
bid1,0.0011583493337303662,0.0008358149125037552,-0.00032253442122661096,134,112,22
bsize1,0.02671421005064504,0.03043640878286589,0.0037221987322208494,2,1,1
bid2,0.0011469147219426007,0.0010475426907295131,-9.937203121308759e-05,135,110,25
bsize2,0.013948115257839748,0.017524505934986216,0.003576390677146468,17,11,6
bid3,0.0012010994910782785,0.0011808036704096848,-2.0295820668593664e-05,130,107,23
bsize3,0.01318972491966894,0.016452623796126872,0.0032628988764579325,19,13,6
bid4,0.0014183459908424124,0.0015754585848229284,0.00015711259398051608,121,96,25
bsize4,0.009471526654428698,0.011363170813484166,0.001891644159055468,34,30,4
bid5,0.0014678152158426757,0.001266157358794117,-0.0002016578570485587,117,105,12
bsize5,0.009802204668142573,0.011717800670718365,0.0019155960025757923,31,26,5
bid6,0.0017341291912966348,0.0019113919051045162,0.00017726271380788137,108,87,21
bsize6,0.01044499783653044,0.011857839334675031,0.0014128414981445913,24,25,-1
bid7,0.001695509290837344,0.001743666744800574,4.8157453963229915e-05,110,93,17
bsize7,0.010127146747863547,0.012731337530480247,0.0026041907826167,29,18,11
bid8,0.0020145553383364065,0.0021665133366174064,0.00015195799828099984,96,84,12
bsize8,0.010291272906603258,0.012084938117614822,0.001793665211011564,28,23,5
bid9,0.003065920447086936,0.003195490870331614,0.0001295704232446783,79,75,4
bsize9,0.009654839637323656,0.012031209177906864,0.002376369540583208,33,24,9
bid10,0.004218369026373535,0.0053669712377224215,0.0011486022113488866,65,62,3
bsize10,0.00909342826741198,0.012340701373408893,0.003247273105996913,38,21,17
ask1,0.0013117016627458165,0.0011925559999769316,-0.00011914566276888488,125,106,19
asize1,0.018756693546054547,0.021972866669619808,0.0032161731235652614,10,6,4
ask2,0.001459206874702367,0.001447721936995572,-1.1484937706794998e-05,118,99,19
asize2,0.009231104740587796,0.01110624500872812,0.0018751402681403233,36,31,5
ask3,0.0019791902812511196,0.0018712270529810538,-0.00010796322827006581,98,89,9
asize3,0.010329925168598625,0.012453194563380336,0.0021232693947817113,27,20,7
ask4,0.0014128277047047056,0.0013822956385651183,-3.0532066139587295e-05,122,101,21
asize4,0.010498408654101378,0.012513405020491959,0.002014996366390581,23,19,4
ask5,0.001451044434805923,0.0015911938625098958,0.00014014942770397294,120,95,25
asize5,0.009120172531229799,0.010872387055195902,0.0017522145239661033,37,33,4
ask6,0.001503282713145805,0.0017855480811350766,0.0002822653679892715,116,91,25
asize6,0.01043643434258627,0.012130253902819271,0.0016938195602330015,25,22,3
ask7,0.0016998623573643583,0.001755672784234017,5.581042686965865e-05,109,92,17
asize7,0.009470218735182813,0.010815007623757079,0.0013447888885742658,35,34,1
ask8,0.0018277670028070123,0.0022449507590754396,0.00041718375626842723,105,83,22
asize8,0.008803549780234324,0.011370464456697362,0.0025669146764630384,40,29,11
ask9,0.0023935773265847597,0.0033096495042088353,0.0009160721776240756,86,73,13
asize9,0.009886555398385292,0.011503071722478535,0.0016165163240932437,30,28,2
ask10,0.003538714786150109,0.004794034428342259,0.0012553196421921501,76,65,11
asize10,0.012870615545748355,0.01504395545314865,0.0021733399074002954,20,14,6
avgbid,0.017349981988431254,0.014496069666598773,-0.002853912321832481,11,17,-6
avgask,0.02195971645339335,0.007190102159938049,-0.014769614293455302,6,52,-46
totalbsize,0.02370713666003759,0.018980937094172864,-0.004726199565864727,4,10,-6
totalasize,0.028833402760539244,0.019207693483330707,-0.009625709277208537,1,9,-8
lb_intst,0.003769852033507689,0.0041886378770980125,0.00041878584359032354,73,69,4
la_intst,0.004576455456181285,0.004599712720813622,2.3257264632337363e-05,61,67,-6
mb_intst,0.00970593486099076,0.010531515462045532,0.0008255806010547713,32,35,-3
ma_intst,0.014456097347773462,0.014760085080886281,0.00030398773311281907,16,15,1
cb_intst,0.0,0.0,0.0,203,187,16
ca_intst,0.0,4.4877243061013933e-05,4.4877243061013933e-05,197,155,42
lb_ind,0.002182211380337228,0.0020327221805477055,-0.00014948919978952264,93,85,8
la_ind,0.0005420935375809466,0.0006913097349664232,0.00014921619738547665,152,116,36
mb_ind,0.0025629936179454972,0.0027376086057722387,0.00017461498782674143,83,77,6
ma_ind,0.0023848635695188076,0.0028374153437867463,0.00045255177426793865,87,76,11
cb_ind,0.0,0.0,0.0,199,191,8
ca_ind,0.0,0.0,0.0,202,190,12
lb_acc,1.4551160275924455e-05,9.676903009001229e-05,8.221786981408784e-05,189,145,44
la_acc,0.0,7.230967225952534e-05,7.230967225952534e-05,198,150,48
mb_acc,0.00016605201081188579,0.0004212295325308899,0.00025517752171900414,165,126,39
ma_acc,7.608191141377371e-05,0.0002625242529046819,0.00018644234149090818,169,133,36
cb_acc,0.0,0.0,0.0,201,189,12
ca_acc,0.0,0.0,0.0,200,188,12
midprice1,0.0009490427133851782,0.0007186121064103122,-0.00023043060697486599,138,115,23
midprice2,0.0004604265715540019,0.0004346455981846151,-2.578097336938676e-05,157,125,32
midprice3,0.0003551610105655027,0.0005886816259942093,0.00023352061542870667,160,120,40
midprice4,0.00047795898615994836,0.0004851966770942305,7.2376909342821176e-06,154,123,31
midprice5,0.00024726738143798804,0.00041809182645516065,0.0001708244450171726,161,128,33
midprice6,0.00040872126020282464,0.00047564413058466835,6.692287038184371e-05,158,124,34
midprice7,0.0005200216685262648,0.0005573156931766002,3.7294024650335374e-05,153,121,32
midprice8,0.0004705568663395151,0.0005028699500876602,3.23130837481451e-05,155,122,33
midprice9,0.0007095929530983708,0.0006765499998663447,-3.3042953232026136e-05,145,117,28
midprice10,0.0008625171287042966,0.0007433647896714538,-0.00011915233903284279,139,114,25
spread1,0.006152061840793127,0.00029020963923948886,-0.005861852201553638,50,132,-82
spread2,0.0033061118203459696,6.606632174443338e-05,-0.0032400454986015364,78,152,-74
spread3,0.0017501808987671378,2.1517813684317923e-05,-0.00172866308508282,107,159,-52
spread4,0.0016949955468192918,1.5409155247466854e-05,-0.001679586391571825,111,163,-52
spread5,0.001160612558478287,7.490251692063154e-06,-0.0011531223067862237,133,179,-46
spread6,0.0014082703634106144,1.5723005127783386e-05,-0.001392547358282831,123,162,-39
spread7,0.0012405386836370177,1.2051934826600275e-05,-0.0012284867488104173,129,170,-41
spread8,0.0019153400820018478,1.1947063875875749e-05,-0.001903393018125972,101,171,-70
spread9,0.0022443247990026976,5.832774497568155e-05,-0.0021859970540270162,91,153,-62
spread10,0.006952129125798145,0.00014298348951790024,-0.006809145636280245,45,141,-96
bid_diff1,0.0022095566483672554,5.265723204902132e-06,-0.0022042909251623532,92,181,-89
bid_diff2,0.0011759952340642471,1.3249648414342498e-05,-0.0011627455856499046,131,167,-36
bid_diff3,0.0014578740925213446,8.562836493719236e-06,-0.0014493112560276253,119,176,-57
bid_diff4,0.0016418354333832493,4.572767303332715e-06,-0.0016372626660799167,113,182,-69
bid_diff5,0.001620057474935113,1.4601804238073152e-05,-0.0016054556706970398,114,165,-51
bid_diff6,0.0012564533216780094,1.635006826996006e-05,-0.0012401032534080493,127,161,-34
bid_diff7,0.0016689838900531637,4.14960696146769e-06,-0.001664834283091696,112,184,-72
bid_diff8,0.0020139600085559393,1.8532984226757665e-05,-0.0019954270243291816,97,160,-63
bid_diff9,0.001586426053815504,1.2650846603606483e-05,-0.0015737752072118975,115,168,-53
bid_diff10,0.011092853904464524,6.95234868427398e-05,-0.011023330417621784,22,151,-129
ask_diff1,0.00341476839726258,4.352635325092144e-05,-0.0033712420440116585,77,156,-79
ask_diff2,0.0023198125198203774,4.523614806281147e-05,-0.002274576371757566,88,154,-66
ask_diff3,0.0018635053374834937,8.96619697739499e-06,-0.0018545391405060988,104,174,-70
ask_diff4,0.0021279196995838204,1.244846155344369e-05,-0.0021154712380303765,94,169,-75
ask_diff5,0.002295789702066228,5.754660194715776e-06,-0.002290035041871512,90,180,-90
ask_diff6,0.0024219123770288934,4.356098497151865e-06,-0.0024175562785317415,85,183,-98
ask_diff7,0.0020797036919046543,2.692482899206408e-05,-0.0020527788629125902,95,158,-63
ask_diff8,0.0018792739224951025,1.0425600424817322e-05,-0.0018688483220702851,102,173,-71
ask_diff9,0.0019577677816528,1.4779553501599655e-05,-0.0019429882281512,99,164,-65
ask_diff10,0.007927196037670715,8.468523264443248e-05,-0.007842510805026282,44,147,-103
bid_mean,0.014893567308381905,0.008790383585855644,-0.006103183722526261,15,40,-25
ask_mean,0.016961071405065187,0.00943480368757755,-0.007526267717487637,13,38,-25
bsize_mean,0.022472438065668808,0.00015865770088663606,-0.02231378036478217,5,140,-135
asize_mean,0.012248092459650148,0.00012070371113820103,-0.012127388748511948,21,142,-121
cumspread,0.0012602324988233542,0.00010808390391588859,-0.0011521485949074655,126,143,-17
imbalance,0.010421990553941376,0.020171653757131033,0.009749663203189656,26,7,19
bid_rate1,0.001024462883154551,0.0,-0.001024462883154551,137,201,-64
bid_rate2,7.083166260004825e-05,0.0,-7.083166260004825e-05,170,200,-30
bid_rate3,2.7225927021069718e-05,0.0,-2.7225927021069718e-05,181,203,-22
bid_rate4,3.07024164520881e-05,0.0,-3.07024164520881e-05,178,202,-24
bid_rate5,3.907929573812177e-05,0.0,-3.907929573812177e-05,175,198,-23
bid_rate6,2.818047777322791e-05,0.0,-2.818047777322791e-05,179,199,-20
bid_rate7,1.27569123928539e-05,0.0,-1.27569123928539e-05,192,197,-5
bid_rate8,1.34864982648811e-05,0.0,-1.34864982648811e-05,191,196,-5
bid_rate9,6.856969694518161e-06,0.0,-6.856969694518161e-06,195,194,1
bid_rate10,1.5250281245368154e-05,0.0,-1.5250281245368154e-05,188,195,-7
ask_rate1,0.0008407605836625281,0.0,-0.0008407605836625281,140,193,-53
ask_rate2,4.7880648015815516e-05,2.4506679766474974e-06,-4.542998003916802e-05,173,185,-12
ask_rate3,1.7423650476964792e-05,8.144779772702114e-06,-9.278870704262677e-06,186,177,9
ask_rate4,2.001409013004275e-05,0.0,-2.001409013004275e-05,184,192,-8
ask_rate5,0.0,0.0,0.0,222,222,0
ask_rate6,1.574356998450951e-05,0.0,-1.574356998450951e-05,187,207,-20
ask_rate7,1.7646688512844164e-05,0.0,-1.7646688512844164e-05,185,218,-33
ask_rate8,1.2296777625251081e-05,0.0,-1.2296777625251081e-05,193,221,-28
ask_rate9,1.3839079410181892e-05,0.0,-1.3839079410181892e-05,190,216,-26
ask_rate10,8.828817386923226e-06,0.0,-8.828817386923226e-06,194,217,-23
bsize_rate1,0.0017987556681314128,0.0025527247359180393,0.0007539690677866265,106,80,26
bsize_rate2,0.0,1.1047248914097546e-05,1.1047248914097546e-05,207,172,35
bsize_rate3,0.0,0.0,0.0,221,215,6
bsize_rate4,0.0,0.0,0.0,214,214,0
bsize_rate5,0.0,0.0,0.0,213,213,0
bsize_rate6,0.0,0.0,0.0,212,212,0
bsize_rate7,0.0,0.0,0.0,211,211,0
bsize_rate8,0.0,0.0,0.0,206,206,0
bsize_rate9,0.0,0.0,0.0,205,205,0
bsize_rate10,0.0,0.0,0.0,204,204,0
asize_rate1,0.0012410788164930516,0.0018170413651355305,0.0005759625486424788,128,90,38
asize_rate2,0.0,1.377777026738986e-05,1.377777026738986e-05,215,166,49
asize_rate3,0.0,8.761022126081325e-06,8.761022126081325e-06,209,175,34
asize_rate4,0.0,0.0,0.0,220,219,1
asize_rate5,0.0,0.0,0.0,219,208,11
asize_rate6,0.0,0.0,0.0,218,209,9
asize_rate7,0.0,0.0,0.0,217,220,-3
asize_rate8,0.0,7.63313485590283e-06,7.63313485590283e-06,216,178,38
asize_rate9,0.0,2.062554747574848e-06,2.062554747574848e-06,208,186,22
asize_rate10,0.0,0.0,0.0,210,210,0
mlofi_W5_lvl1,0.002315084165285201,0.0024533356861297334,0.00013825152084453226,89,81,8
mlofi_W5_lvl2,5.892850748738933e-06,2.713386117983008e-05,2.1241010431091147e-05,196,157,39
mlofi_W5_lvl3,5.9271916189623356e-05,0.00010473054924065972,4.545863305103636e-05,171,144,27
mlofi_W5_lvl4,5.567717665909749e-05,0.00017536115676250162,0.00011968398010340413,172,138,34
mlofi_W5_lvl5,4.3847660010669045e-05,0.0001889235438587813,0.00014507588384811226,174,137,37
mlofi_W5_lvl6,0.00011959830080282356,0.00021572335187482807,9.612505107200451e-05,167,136,31
mlofi_W5_lvl7,8.056367369553344e-05,0.00022030187127657265,0.0001397381975810392,168,135,33
mlofi_W5_lvl8,0.00017791167115297778,0.000420509278904275,0.00024259760775129723,164,127,37
mlofi_W5_lvl9,0.0002065538899510424,0.0003667854095038541,0.0001602315195528117,163,130,33
mlofi_W5_lvl10,0.00015558397407341824,0.00033260840493222314,0.0001770244308588049,166,131,35
mlofi_W20_lvl1,0.0036576985014994453,0.004635765576380605,0.0009780670748811594,75,66,9
mlofi_W20_lvl2,0.00046478903642996046,0.0010269975374377043,0.0005622085010077439,156,111,45
mlofi_W20_lvl3,0.0005635227123034498,0.0010948373755664445,0.0005313146632629946,151,109,42
mlofi_W20_lvl4,0.0007615151965900711,0.0013990008978878152,0.0006374857012977441,142,100,42
mlofi_W20_lvl5,0.0006617085937272131,0.0013454826503192532,0.00068377405659204,147,103,44
mlofi_W20_lvl6,0.0007510893807880968,0.001526106204346034,0.0007750168235579371,143,98,45
mlofi_W20_lvl7,0.0007453407481025693,0.0013540393729039697,0.0006086986248014004,144,102,42
mlofi_W20_lvl8,0.0013360600204935145,0.002555157979523554,0.0012190979590300396,124,79,45
mlofi_W20_lvl9,0.0011680965853748723,0.0020243157564111725,0.0008562191710363002,132,86,46
mlofi_W20_lvl10,0.0007827841165274667,0.0015490837863070472,0.0007662996697795804,141,97,44
mlofi_W60_lvl1,0.005497599954439409,0.009329209705068748,0.0038316097506293388,55,39,16
mlofi_W60_lvl2,0.003970402540473012,0.0063356784061025335,0.002365275865629521,72,57,15
mlofi_W60_lvl3,0.0037085710799743482,0.006095806981475997,0.002387235901501649,74,59,15
mlofi_W60_lvl4,0.004021502200865114,0.006257637017679328,0.0022361348168142142,69,58,11
mlofi_W60_lvl5,0.004009412284089392,0.006893997524029451,0.0028845852399400585,71,54,17
mlofi_W60_lvl6,0.004545529312140541,0.007367325644647731,0.00282179633250719,62,48,14
mlofi_W60_lvl7,0.004817548014081534,0.007591343915831403,0.002773795901749869,60,46,14
mlofi_W60_lvl8,0.005667685966718379,0.00843731862454464,0.0027696326578262598,54,43,11
mlofi_W60_lvl9,0.005142572790822514,0.008194365575454264,0.0030517927846317504,57,44,13
mlofi_W60_lvl10,0.004204184494311246,0.007084367657785546,0.0028801831634742998,67,53,14
wmp_lvl1,0.0018666284569673459,0.001271439143543072,-0.0005951893134242738,103,104,-1
wmp_lvl2,0.0030268735941736324,0.0024281601619679607,-0.0005987134322056717,80,82,-2
wmp_lvl3,0.004018688789722879,0.004170105467283301,0.00015141667756042154,70,70,0
wmp_lvl4,0.0044236382033015125,0.004219885841335256,-0.0002037523619662562,64,68,-4
wmp_lvl5,0.0048388502010472245,0.005386194242398195,0.0005473440413509703,59,61,-2
wmp_lvl6,0.006118592116165852,0.006617332588770944,0.0004987404726050923,51,56,-5
wmp_lvl7,0.0062292259184975095,0.007366090991988299,0.0011368650734907898,49,49,0
wmp_lvl8,0.006443560154610814,0.007529579291946824,0.0010860191373360103,47,47,0
wmp_lvl9,0.008402360735164188,0.009781867952317105,0.0013795072171529175,41,36,5
wmp_lvl10,0.008135492469428346,0.009678545976016998,0.001543053506588652,42,37,5
wmp_balance_12,0.005423297163624075,0.008649766140741453,0.003226468977117378,56,41,15
rv_w5,0.00021263945242882483,0.0006555426236260553,0.00044290317119723046,162,118,44
rv_w10,0.0006745066956342737,0.0016937226795946366,0.0010192159839603628,146,94,52
rv_w20,0.023774236730655218,0.028214425833631204,0.004440189102975986,3,2,1
rv_w50,0.10397876904115923,0.11360475970202093,0.0096259906608617,0,0,0
ewma_a0.05_lb_intst,0.005795575268936961,0.008110753302790527,0.002315178033853566,52,45,7
ewma_a0.05_la_intst,0.00881588412748125,0.011641644818515855,0.0028257606910346046,39,27,12
ewma_a0.05_mb_intst,0.02189194473065293,0.025529516376678364,0.0036375716460254337,7,3,4
ewma_a0.05_ma_intst,0.00811019741600583,0.010966711539411835,0.002856514123406005,43,32,11
ewma_a0.05_cb_intst,0.004063444612748519,0.007265777029808863,0.003202332417060344,68,51,17
ewma_a0.05_ca_intst,0.005739560849165784,0.008593413809467489,0.002853852960301705,53,42,11
ewma_a0.1_lb_intst,0.002977339130338164,0.004010998197870632,0.001033659067532468,81,71,10
ewma_a0.1_la_intst,0.0025535524280690986,0.0033096686490130464,0.0007561162209439479,84,72,12
ewma_a0.1_mb_intst,0.004205200668989297,0.005014091236982635,0.0008088905679933377,66,64,2
ewma_a0.1_ma_intst,0.0011242505825956033,0.0018941668441708331,0.0007699162615752298,136,88,48
ewma_a0.1_cb_intst,0.00038112762360983585,0.0007693954862626572,0.00038826786265282133,159,113,46
ewma_a0.1_ca_intst,0.0005921717136763338,0.001122139810510464,0.0005299680968341301,149,108,41
ewma_a0.3_lb_intst,0.004890507600315624,0.005597358900927314,0.0007068513006116897,58,60,-2
ewma_a0.3_la_intst,0.004491838421840057,0.005321196107343659,0.000829357685503602,63,63,0
ewma_a0.3_mb_intst,0.019049700583385388,0.01960636612280443,0.000556665539419042,8,8,0
ewma_a0.3_ma_intst,0.001954919828089941,0.0026434007545855388,0.0006884809264955977,100,78,22
ewma_a0.3_cb_intst,2.796497228646064e-05,8.521315170674038e-05,5.724817942027973e-05,180,146,34
ewma_a0.3_ca_intst,2.224809453404852e-05,7.98626343733698e-05,5.761453983932128e-05,183,148,35
ewma_a0.5_lb_intst,0.006576323807294584,0.0073467388152176185,0.0007704150079230346,46,50,-4
ewma_a0.5_la_intst,0.0063150111558396916,0.00678262265566421,0.0004676114998245183,48,55,-7
ewma_a0.5_mb_intst,0.013481757604704608,0.014533891409509139,0.0010521338048045305,18,16,2
ewma_a0.5_ma_intst,0.002706549563487268,0.0032467211352095685,0.0005401715717223005,82,74,8
ewma_a0.5_cb_intst,3.84704844845496e-05,0.0001726939525860579,0.0001342234681015083,176,139,37
ewma_a0.5_ca_intst,2.5501012517238994e-05,7.624053550222766e-05,5.0739522984988666e-05,182,149,33
