feature,mean_gain,rank,is_revol,is_sg,is_extra
revol_wmp1_sigma_hat,368784.30714035034,1,True,False,True
totalasize,106458.27643318176,2,False,False,False
rv_w50,98924.44090652466,3,False,False,False
bsize1,93038.12126731873,4,False,False,False
totalbsize,90353.52127876281,5,False,False,False
revol_mid_sigma_hat,88362.10347633362,6,True,False,True
bsize_mean,82804.7409160614,7,False,False,False
avgask,77525.07452545167,8,False,False,False
asize1,72899.86336097718,9,False,False,False
high,70563.77903518677,10,False,False,False
ewma_a0.3_mb_intst,69392.52510223389,11,False,False,False
ewma_a0.05_mb_intst,67863.94694671631,12,False,False,False
avgbid,66075.2841293335,13,False,False,False
open,64595.682127761844,14,False,False,False
bid_mean,63242.31643066406,15,False,False,False
low,58821.42175064087,16,False,False,False
ask_mean,52872.18012733459,17,False,False,False
asize10,51657.29326744079,18,False,False,False
bsize3,49954.571055984496,19,False,False,False
ma_intst,49726.06530609131,20,False,False,False
bsize2,48988.13963088989,21,False,False,False
ewma_a0.5_mb_intst,46382.356282424924,22,False,False,False
asize_mean,44202.25195922852,23,False,False,False
asize4,41393.12522087097,24,False,False,False
bsize9,41165.96442337036,25,False,False,False
bsize8,41087.39239883423,26,False,False,False
bsize6,40884.9322555542,27,False,False,False
asize3,39937.23779144287,28,False,False,False
asize6,39134.276147460936,29,False,False,False
bsize7,38420.130767440794,30,False,False,False
asize7,37579.85111694336,31,False,False,False
bsize4,37573.11195983887,32,False,False,False
asize9,37370.465544891355,33,False,False,False
bsize10,37225.79595184326,34,False,False,False
asize5,36694.480306243895,35,False,False,False
bsize5,36038.30455474854,36,False,False,False
mb_intst,34438.19080886841,37,False,False,False
asize8,33741.81476402283,38,False,False,False
bid_diff10,33496.895363235475,39,False,False,False
asize2,33021.11773529053,40,False,False,False
wmp_lvl9,31285.015062713625,41,False,False,False
wmp_lvl10,30520.52463798523,42,False,False,False
rv_w20,30369.702355575562,43,False,False,False
ask_diff10,29583.12084388733,44,False,False,False
ewma_a0.05_la_intst,29153.388321304323,45,False,False,False
imbalance,27836.562104415894,46,False,False,False
wmp_lvl8,27732.17767944336,47,False,False,False
ewma_a0.05_ma_intst,26748.814936828614,48,False,False,False
ewma_a0.1_mb_intst,25321.47652053833,49,False,False,False
wmp_lvl7,25250.6315738678,50,False,False,False
spread1,24432.099582290648,51,False,False,False
ewma_a0.5_lb_intst,24260.62115135193,52,False,False,False
ewma_a0.5_la_intst,23847.561849975587,53,False,False,False
wmp_lvl6,23556.445901489256,54,False,False,False
mlofi_W60_lvl8,23286.874699401855,55,False,False,False
ewma_a0.05_lb_intst,22612.589039611816,56,False,False,False
spread10,21549.102714157103,57,False,False,False
ewma_a0.3_lb_intst,21030.415074157714,58,False,False,False
ewma_a0.05_ca_intst,20816.214474105836,59,False,False,False
wmp_balance_12,19203.117071151733,60,False,False,False
mlofi_W60_lvl7,18497.340176010133,61,False,False,False
sg_imb_smooth,18339.056647491456,62,False,True,True
mlofi_W60_lvl9,17957.243844223023,63,False,False,False
wmp_lvl3,17762.443210983278,64,False,False,False
mlofi_W60_lvl1,17045.731430435182,65,False,False,False
wmp_lvl4,16558.87921295166,66,False,False,False
bid10,16441.420447158813,67,False,False,False
wmp_lvl5,16376.247399139404,68,False,False,False
mlofi_W60_lvl2,16274.311854934693,69,False,False,False
ewma_a0.05_cb_intst,15980.3008934021,70,False,False,False
ewma_a0.3_la_intst,15610.292134094238,71,False,False,False
mlofi_W60_lvl5,15592.678847503663,72,False,False,False
mlofi_W60_lvl6,15506.03557395935,73,False,False,False
mlofi_W60_lvl3,15325.566872787476,74,False,False,False
la_intst,15244.32384414673,75,False,False,False
mlofi_W60_lvl10,15049.424947738647,76,False,False,False
mlofi_W60_lvl4,14777.858994293212,77,False,False,False
ask10,14443.592268371582,78,False,False,False
lb_intst,13934.410437774659,79,False,False,False
mlofi_W20_lvl1,13090.67618598938,80,False,False,False
bid9,11687.521870040893,81,False,False,False
ask_diff1,11456.633058929443,82,False,False,False
wmp_lvl2,11364.27398147583,83,False,False,False
ewma_a0.1_lb_intst,10854.792449188233,84,False,False,False
spread2,10777.871788024902,85,False,False,False
ask9,10431.556371307373,86,False,False,False
revol_mid_eps_std20,10004.023413085937,87,True,False,True
ewma_a0.5_ma_intst,9923.138356781006,88,False,False,False
ask_diff2,9897.454990768432,89,False,False,False
sg_mlofi60_smooth,9863.594749450684,90,False,True,True
mb_ind,9843.151837158202,91,False,False,False
mlofi_W5_lvl1,9793.886682128907,92,False,False,False
spread9,9509.762345504761,93,False,False,False
ma_ind,9352.061309051514,94,False,False,False
ewma_a0.1_la_intst,9272.912386322021,95,False,False,False
ask_diff5,8946.210087585448,96,False,False,False
ask_diff7,8727.1800365448,97,False,False,False
bid_diff1,8650.452088165282,98,False,False,False
ask_diff6,8366.910362243652,99,False,False,False
revol_wmp1_eps_std20,8177.706212615967,100,True,False,True
ask_diff3,7994.600411224365,101,False,False,False
bid7,7938.234206390381,102,False,False,False
ask_diff9,7832.013967514038,103,False,False,False
ask_diff8,7791.030923843384,104,False,False,False
ask_diff4,7712.345198059082,105,False,False,False
bid8,7690.867375183106,106,False,False,False
bid_diff8,7592.159580230713,107,False,False,False
lb_ind,6989.319651794433,108,False,False,False
spread8,6966.4670486450195,109,False,False,False
ewma_a0.3_ma_intst,6934.850048065186,110,False,False,False
ask3,6765.059302520752,111,False,False,False
bid_diff7,6662.955899810791,112,False,False,False
ask6,6608.861743927002,113,False,False,False
ask2,6541.048331451416,114,False,False,False
bsize_rate1,6459.511100006103,115,False,False,False
ask7,6404.722687530518,116,False,False,False
bid_diff3,6402.334419631958,117,False,False,False
bid_diff9,6376.215878677368,118,False,False,False
ask8,6342.45753326416,119,False,False,False
ask5,6013.902639770507,120,False,False,False
ask4,5942.02050704956,121,False,False,False
bid5,5636.3025177001955,122,False,False,False
bid_diff5,5616.017923736572,123,False,False,False
bid1,5543.783386230469,124,False,False,False
spread3,5423.555373382568,125,False,False,False
bid_diff2,5419.112358093262,126,False,False,False
bid_diff4,5326.769566345215,127,False,False,False
bid_diff6,5222.949206161499,128,False,False,False
bid6,5073.4179214477535,129,False,False,False
bid4,5046.109706878662,130,False,False,False
spread4,4920.235135269165,131,False,False,False
bid3,4912.842674255371,132,False,False,False
spread6,4898.9089256286625,133,False,False,False
ewma_a0.1_ma_intst,4807.024611282349,134,False,False,False
spread7,4703.483578491211,135,False,False,False
ask1,4682.531665420533,136,False,False,False
bid2,4623.016707229614,137,False,False,False
wmp_lvl1,4548.466443634034,138,False,False,False
revol_mid_eps_mean20,4483.266184234619,139,True,False,True
sg_spr1_smooth,4476.578485107422,140,False,True,True
spread5,4448.378300476074,141,False,False,False
sg_wmp1_smooth,4423.065881347657,142,False,True,True
asize_rate1,4420.500974273682,143,False,False,False
mlofi_W20_lvl8,4364.405109024048,144,False,False,False
mlofi_W20_lvl9,4355.117618179322,145,False,False,False
bid_rate1,3723.5247009277346,146,False,False,False
cumspread,3471.674451446533,147,False,False,False
revol_mid_eps_last,3373.1707710266114,148,True,False,True
midprice1,3115.6700897216797,149,False,False,False
mlofi_W20_lvl10,3048.802661514282,150,False,False,False
rv_w10,2879.907875061035,151,False,False,False
amount_delta,2842.9101837158205,152,False,False,False
midprice10,2841.936829376221,153,False,False,False
revol_wmp1_eps_skew20,2816.5263023376465,154,True,False,True
revol_mid_eps_skew20,2793.870560836792,155,True,False,True
la_ind,2788.9285621643066,156,False,False,False
mlofi_W20_lvl6,2781.813138580322,157,False,False,False
close,2588.837727355957,158,False,False,False
mlofi_W20_lvl5,2517.569660949707,159,False,False,False
mlofi_W20_lvl4,2457.0575199127197,160,False,False,False
mlofi_W20_lvl7,2341.2635906219484,161,False,False,False
mlofi_W20_lvl3,2340.234104156494,162,False,False,False
midprice9,2265.7402336120604,163,False,False,False
revol_wmp1_eps_mean20,2221.6135997772217,164,True,False,True
sg_spr1_accel,2166.2788536071776,165,False,True,True
ask_rate1,1945.694598388672,166,False,False,False
mlofi_W20_lvl2,1931.7358028411866,167,False,False,False
midprice7,1890.932903289795,168,False,False,False
midprice8,1871.9471420288087,169,False,False,False
sg_spr1_slope,1683.772824859619,170,False,True,True
midprice2,1673.486011505127,171,False,False,False
sg_mid_smooth,1667.7690620422363,172,False,True,True
sg_mid_slope,1524.741746520996,173,False,True,True
revol_mid_eps_mean5,1512.9993537902833,174,True,False,True
sg_imb_slope,1511.672240447998,175,False,True,True
midprice5,1457.1749366760255,176,False,False,False
midprice6,1454.4484756469726,177,False,False,False
ewma_a0.1_ca_intst,1430.0489402770995,178,False,False,False
ewma_a0.1_cb_intst,1387.1417419433594,179,False,False,False
midprice4,1203.0438194274902,180,False,False,False
midprice3,1138.0772010803223,181,False,False,False
sg_spr1_minus_raw,958.0721031188965,182,False,True,True
mb_acc,816.3715782165527,183,False,False,False
mlofi_W5_lvl9,542.5999206542969,184,False,False,False
mlofi_W5_lvl10,456.47742156982423,185,False,False,False
volume_delta,407.1512023925781,186,False,False,False
rv_w5,392.9216621398926,187,False,False,False
sg_mid_accel,373.96602096557615,188,False,True,True
ma_acc,368.52366104125974,189,False,False,False
mlofi_W5_lvl8,352.5502990722656,190,False,False,False
bid_rate2,327.0209800720215,191,False,False,False
mlofi_W5_lvl6,304.4098808288574,192,False,False,False
mlofi_W5_lvl4,271.7202018737793,193,False,False,False
mlofi_W5_lvl7,251.67289962768555,194,False,False,False
ask_rate7,232.59107971191406,195,False,False,False
mlofi_W5_lvl5,219.32145919799805,196,False,False,False
mlofi_W5_lvl3,184.06513748168945,197,False,False,False
ewma_a0.5_ca_intst,172.62007827758788,198,False,False,False
sg_mid_minus_raw,172.1336769104004,199,False,True,True
ask_rate2,169.24538192749023,200,False,False,False
bid_rate3,145.8771194458008,201,False,False,False
ewma_a0.5_cb_intst,135.240958404541,202,False,False,False
ewma_a0.3_ca_intst,130.15105972290038,203,False,False,False
bid_rate4,109.83516006469726,204,False,False,False
bid_rate5,94.91701812744141,205,False,False,False
ask_rate4,86.26094055175781,206,False,False,False
bid_rate6,81.7631591796875,207,False,False,False
ask_rate9,81.22580184936524,208,False,False,False
revol_wmp1_eps_mean5,80.3413200378418,209,True,False,True
ask_rate3,75.76839981079101,210,False,False,False
bid_rate8,71.35561981201172,211,False,False,False
ewma_a0.3_cb_intst,63.016639709472656,212,False,False,False
ask_rate6,57.17820053100586,213,False,False,False
bid_rate7,53.93315887451172,214,False,False,False
lb_acc,49.27218017578125,215,False,False,False
ask_rate10,47.78102035522461,216,False,False,False
bid_rate9,46.7389591217041,217,False,False,False
revol_wmp1_eps_last,46.181759643554685,218,True,False,True
ca_intst,45.97003936767578,219,False,False,False
mlofi_W5_lvl2,40.37387924194336,220,False,False,False
ask_rate8,12.594660186767578,221,False,False,False
ask_rate5,12.154640197753906,222,False,False,False
la_acc,10.531659698486328,223,False,False,False
bid_rate10,0.0,224,False,False,False
ca_acc,0.0,225,False,False,False
cb_acc,0.0,226,False,False,False
ca_ind,0.0,227,False,False,False
cb_ind,0.0,228,False,False,False
cb_intst,0.0,229,False,False,False
bsize_rate9,0.0,230,False,False,False
bsize_rate8,0.0,231,False,False,False
asize_rate7,0.0,232,False,False,False
asize_rate6,0.0,233,False,False,False
asize_rate5,0.0,234,False,False,False
asize_rate4,0.0,235,False,False,False
asize_rate3,0.0,236,False,False,False
asize_rate10,0.0,237,False,False,False
bsize_rate2,0.0,238,False,False,False
bsize_rate3,0.0,239,False,False,False
asize_rate8,0.0,240,False,False,False
asize_rate9,0.0,241,False,False,False
bsize_rate7,0.0,242,False,False,False
bsize_rate6,0.0,243,False,False,False
bsize_rate5,0.0,244,False,False,False
bsize_rate4,0.0,245,False,False,False
asize_rate2,0.0,246,False,False,False
bsize_rate10,0.0,247,False,False,False
sg_imb_accel,0.0,248,False,True,True
sg_imb_minus_raw,0.0,249,False,True,True
sg_wmp1_slope,0.0,250,False,True,True
sg_wmp1_accel,0.0,251,False,True,True
sg_wmp1_minus_raw,0.0,252,False,True,True
sg_mlofi60_accel,0.0,253,False,True,True
sg_mlofi60_minus_raw,0.0,254,False,True,True
sg_mlofi60_slope,0.0,255,False,True,True
