label,T,delta,sum_cum_pnl,mean_cum_pnl,std_cum_pnl,n_pos_folds,sum_n_active,fold0_pnl,fold1_pnl,fold2_pnl,fold3_pnl,fold4_pnl
NN_only,0.7,0.0,-0.17084273811723927,-0.034168547623447856,0.2765321974405682,1,609,0.0,-0.517621617066605,0.34677887894936577,0.0,0.0
NN_only,0.7,0.05,-0.17084273811723927,-0.034168547623447856,0.2765321974405682,1,609,0.0,-0.517621617066605,0.34677887894936577,0.0,0.0
NN_only,0.7,0.1,-0.17084273811723927,-0.034168547623447856,0.2765321974405682,1,609,0.0,-0.517621617066605,0.34677887894936577,0.0,0.0
NN_only,0.7,0.15,-0.17084273811723927,-0.034168547623447856,0.2765321974405682,1,609,0.0,-0.517621617066605,0.34677887894936577,0.0,0.0
NN_only,0.7,0.25,-0.17084273811723927,-0.034168547623447856,0.2765321974405682,1,609,0.0,-0.517621617066605,0.34677887894936577,0.0,0.0
NN_only,0.7,0.2,-0.17084273811723927,-0.034168547623447856,0.2765321974405682,1,609,0.0,-0.517621617066605,0.34677887894936577,0.0,0.0
NN_only,0.65,0.15,-0.789767388171424,-0.1579534776342848,0.48183104333853205,1,1691,0.0,-1.0926250549773242,0.3028576668059002,0.0,0.0
NN_only,0.65,0.1,-0.789767388171424,-0.1579534776342848,0.48183104333853205,1,1691,0.0,-1.0926250549773242,0.3028576668059002,0.0,0.0
NN_only,0.65,0.0,-0.789767388171424,-0.1579534776342848,0.48183104333853205,1,1691,0.0,-1.0926250549773242,0.3028576668059002,0.0,0.0
NN_only,0.65,0.05,-0.789767388171424,-0.1579534776342848,0.48183104333853205,1,1691,0.0,-1.0926250549773242,0.3028576668059002,0.0,0.0
NN_only,0.65,0.2,-0.789767388171424,-0.1579534776342848,0.48183104333853205,1,1691,0.0,-1.0926250549773242,0.3028576668059002,0.0,0.0
NN_only,0.65,0.25,-0.789767388171424,-0.1579534776342848,0.48183104333853205,1,1691,0.0,-1.0926250549773242,0.3028576668059002,0.0,0.0
NN_only,0.6,0.1,-0.9951991700327122,-0.19903983400654243,0.6312800414868633,2,4132,0.0,-1.4187883516500994,0.42153543963813583,0.0020537419792514386,0.0
NN_only,0.6,0.15,-0.9951991700327122,-0.19903983400654243,0.6312800414868633,2,4132,0.0,-1.4187883516500994,0.42153543963813583,0.0020537419792514386,0.0
NN_only,0.6,0.0,-0.9951991700327122,-0.19903983400654243,0.6312800414868633,2,4132,0.0,-1.4187883516500994,0.42153543963813583,0.0020537419792514386,0.0
NN_only,0.6,0.05,-0.9951991700327122,-0.19903983400654243,0.6312800414868633,2,4132,0.0,-1.4187883516500994,0.42153543963813583,0.0020537419792514386,0.0
NN_only,0.6,0.2,-0.9951991700327122,-0.19903983400654243,0.6312800414868633,2,4132,0.0,-1.4187883516500994,0.42153543963813583,0.0020537419792514386,0.0
NN_only,0.6,0.25,-0.9951991700327122,-0.19903983400654243,0.6312800414868633,2,4132,0.0,-1.4187883516500994,0.42153543963813583,0.0020537419792514386,0.0
NN_only,0.55,0.2,-3.094693921466672,-0.6189387842933345,1.674307277203272,2,9548,0.0,-3.9137399220427365,0.7831351207223246,0.03591087985373981,0.0
NN_only,0.55,0.15,-3.094693921466672,-0.6189387842933345,1.674307277203272,2,9548,0.0,-3.9137399220427365,0.7831351207223246,0.03591087985373981,0.0
NN_only,0.55,0.0,-3.094693921466672,-0.6189387842933345,1.674307277203272,2,9548,0.0,-3.9137399220427365,0.7831351207223246,0.03591087985373981,0.0
NN_only,0.55,0.05,-3.094693921466672,-0.6189387842933345,1.674307277203272,2,9548,0.0,-3.9137399220427365,0.7831351207223246,0.03591087985373981,0.0
NN_only,0.55,0.1,-3.094693921466672,-0.6189387842933345,1.674307277203272,2,9548,0.0,-3.9137399220427365,0.7831351207223246,0.03591087985373981,0.0
NN_only,0.55,0.25,-3.108305434609298,-0.6216610869218596,1.674250876527774,2,9539,0.0,-3.9158997895953824,0.7829521850286018,0.02464216995748262,0.0
NN_only,0.5,0.25,-5.631437688859094,-1.126287537771819,2.42994160797652,3,21335,0.005541512724827841,-5.980442097171885,0.31443442314807357,0.03309461596074294,-0.004066143520853827
NN_only,0.5,0.2,-5.6588990509754,-1.13177981019508,2.430991197092323,3,21673,0.005541512724827841,-5.989924345427292,0.2639621923550128,0.06558773289290545,-0.004066143520853827
NN_only,0.5,0.15,-5.680337334370685,-1.1360674668741368,2.4219595795977633,3,21801,0.005541512724827841,-5.976996396534267,0.23299559379602908,0.06218809916357973,-0.004066143520853827
NN_only,0.5,0.05,-5.693583911397306,-1.1387167822794613,2.42047247748219,3,21810,0.005541512724827841,-5.976996396534267,0.2201430100579559,0.06179410587503158,-0.004066143520853827
NN_only,0.5,0.0,-5.693583911397306,-1.1387167822794613,2.42047247748219,3,21810,0.005541512724827841,-5.976996396534267,0.2201430100579559,0.06179410587503158,-0.004066143520853827
NN_only,0.5,0.1,-5.693583911397306,-1.1387167822794613,2.42047247748219,3,21810,0.005541512724827841,-5.976996396534267,0.2201430100579559,0.06179410587503158,-0.004066143520853827
NN_only,0.45,0.25,-14.977329948622373,-2.9954659897244746,3.796456416598729,2,47698,0.3244966992917202,-9.401466534585271,-0.6584342792386515,0.04963524251982268,-5.291561076609993
NN_only,0.45,0.2,-16.369180947880228,-3.2738361895760457,4.153777233614519,2,50968,0.3244966992917202,-10.527741589502043,-0.955751854390667,0.08137687333075583,-5.291561076609993
NN_only,0.45,0.15,-16.783969114689945,-3.356793822937989,4.202999249675917,2,52439,0.3244966992917202,-10.730930923605264,-1.1824681528274514,0.09649433906104192,-5.291561076609993
NN_only,0.45,0.1,-16.969739614853975,-3.3939479229707947,4.21706923895339,2,52875,0.3244966992917202,-10.8065452499845,-1.272630372725685,0.07650038517448463,-5.291561076609993
NN_only,0.45,0.05,-17.017972158193828,-3.4035944316387656,4.214118362989339,2,53014,0.3244966992917202,-10.81455621317805,-1.2857900957926642,0.04943852809515858,-5.291561076609993
NN_only,0.45,0.0,-17.021591395312583,-3.4043182790625166,4.21524478457142,2,53021,0.3244966992917202,-10.817907336998857,-1.2856582090906112,0.049038528095158594,-5.291561076609993
NN_only,0.4,0.25,-17.158528854758465,-3.431705770951693,4.173329126653512,2,63335,0.09729068005673754,-10.508345833500632,-0.9047249054118898,0.048829379184912744,-5.891578175087595
NN_only,0.35,0.25,-17.158528854758465,-3.431705770951693,4.173329126653512,2,63335,0.09729068005673754,-10.508345833500632,-0.9047249054118898,0.048829379184912744,-5.891578175087595
NN_only,0.35,0.2,-22.962518116533705,-4.592503623306741,5.316128163646724,2,85839,0.011288108313530193,-13.669999595225637,-1.9560545208409277,0.138711304780019,-7.4864634135606885
NN_only,0.4,0.2,-22.962518116533705,-4.592503623306741,5.316128163646724,2,85839,0.011288108313530193,-13.669999595225637,-1.9560545208409277,0.138711304780019,-7.4864634135606885
NN_only,0.4,0.15,-26.70602882882116,-5.341205765764232,5.8484497406850195,1,101309,-0.10794318845636533,-15.304976990938716,-3.1629982206477325,0.1985312481312699,-8.328641676909616
NN_only,0.4,0.1,-28.247800928828696,-5.649560185765739,6.0812500507375065,1,106935,-0.10794318845636533,-16.139319040805944,-3.8023019568546257,0.14018278049634433,-8.338419523208106
NN_only,0.4,0.05,-28.60014769383331,-5.720029538766662,6.066494644466623,1,109323,-0.10794318845636533,-16.176495430507522,-4.047304971135697,0.07001541947437892,-8.338419523208106
NN_only,0.35,0.15,-28.753980600720926,-5.7507961201441855,6.0715797753823315,1,109455,-0.1603068451788713,-15.649677481525538,-3.5389630728665358,0.19590135692044536,-9.600934558070424
NN_only,0.4,0.0,-28.79739200547887,-5.759478401095774,6.0547358028571825,0,110669,-0.10794318845636533,-16.20211451247924,-4.136123220962747,-0.012791560372410665,-8.338419523208106
NN_only,0.35,0.1,-34.300001639090404,-6.860000327818081,6.670397188023036,1,140011,-0.056728043964341224,-17.55134966878793,-6.124497658041517,0.025298163631916608,-10.59272443192853
NN_only,0.35,0.05,-40.75060572397409,-8.150121144794818,7.432235415664855,0,180171,-0.13453693248498483,-19.818999803218617,-9.254233801143513,-0.14812802995060503,-11.394707157176368
NN_only,0.35,0.0,-43.64804687197653,-8.729609374395306,7.688393646820658,0,201142,-0.14114467658900395,-20.417159666652513,-11.439999264379784,-0.30331340170513843,-11.34642986265009
LGB_5seed,0.45,0.1,11.456547524596639,2.2913095049193277,3.0673632806468656,4,100256,1.2979037704478713,2.1607257009092637,-0.27568078485394787,0.09708561729846209,8.17651322079499
LGB_5seed,0.45,0.05,11.431906629135067,2.2863813258270134,3.0668708599407766,4,100460,1.3036494885972485,2.12784969864763,-0.2831610729520546,0.10755558264393736,8.176012932198306
LGB_5seed,0.45,0.0,11.430686875677889,2.286137375135578,3.0667069921792187,4,100475,1.3036494885972485,2.125288487262127,-0.2831610729520546,0.10889704057226202,8.176012932198306
LGB_5seed,0.45,0.15,11.116477053355169,2.223295410671034,3.0121650753635496,4,98410,1.1294302694267726,2.1598768611500394,-0.2670711671810616,0.09044723186729468,8.003793858092124
LGB_5seed,0.5,0.0,10.724937573560402,2.1449875147120805,1.8854169690173026,5,42765,0.3979682051777971,3.706846656247787,1.643958024111031,0.059497713494440774,4.916666974529345
LGB_5seed,0.5,0.05,10.724937573560402,2.1449875147120805,1.8854169690173026,5,42765,0.3979682051777971,3.706846656247787,1.643958024111031,0.059497713494440774,4.916666974529345
LGB_5seed,0.5,0.1,10.724597124678684,2.144919424935737,1.8853605682531944,5,42764,0.3979682051777971,3.70650620736607,1.643958024111031,0.059497713494440774,4.916666974529345
LGB_5seed,0.5,0.15,10.718050651582528,2.143610130316506,1.8851113204778769,5,42753,0.3979682051777971,3.7020370830255405,1.6441404535039146,0.05723793534593138,4.916666974529345
LGB_5seed,0.5,0.2,10.658164007176026,2.131632801435205,1.879354835177012,5,42510,0.3791339824230937,3.6698841725908338,1.6511057849840016,0.0551655000672308,4.902874567110866
LGB_5seed,0.45,0.2,10.530810607066549,2.10616212141331,2.692394682353496,5,90968,0.7922816927432715,2.2930076177591623,0.1211859789887495,0.07738622494782382,7.246949092627541
LGB_5seed,0.5,0.25,10.306142964984621,2.0612285929969243,1.8295328257176853,5,40679,0.29689809741534356,3.656021038136511,1.6282520949183632,0.04831795819124606,4.676653776323159
LGB_5seed,0.45,0.25,9.991182082453827,1.9982364164907653,2.1029856925990744,5,74090,0.6475071773973725,2.673849270722913,0.7999336615674243,0.050414587600577376,5.81947738516554
LGB_5seed,0.35,0.25,8.812713804776935,1.762542760955387,2.0521382151825773,5,84930,0.8074248478031695,1.823640755617645,0.4375960442334452,0.050414587600577376,5.693637569522098
LGB_5seed,0.4,0.25,8.812713804776935,1.762542760955387,2.0521382151825773,5,84930,0.8074248478031695,1.823640755617645,0.4375960442334452,0.050414587600577376,5.693637569522098
LGB_5seed,0.4,0.2,6.829463897951616,1.365892779590323,2.8773694441919218,4,122856,0.7863786878114478,0.30589292810446117,-1.2935062756553743,0.0784823549813357,6.952216202709746
LGB_5seed,0.35,0.2,6.829463897951616,1.365892779590323,2.8773694441919218,4,122856,0.7863786878114478,0.30589292810446117,-1.2935062756553743,0.0784823549813357,6.952216202709746
LGB_5seed,0.4,0.0,6.525453881807464,1.3050907763614927,4.535894849671744,3,188120,2.513595943530305,-1.396237460639371,-4.068491724108096,0.17403568996223523,9.30255143306239
LGB_5seed,0.4,0.05,6.375505873864703,1.2751011747729406,4.496282480584273,3,186195,2.3068392089802705,-1.3003239715180508,-4.051822495798566,0.16031202778576803,9.260501104415281
LGB_5seed,0.55,0.25,6.314873397889484,1.2629746795778969,1.1596629164646504,4,14781,-0.012142862097286378,2.3691235368067494,1.1286610702926638,0.03429518630326776,2.79493646658409
LGB_5seed,0.55,0.0,6.312438299862672,1.2624876599725343,1.159148469338131,4,14795,-0.012142862097286378,2.3664532978485298,1.128896211224071,0.03429518630326776,2.79493646658409
LGB_5seed,0.55,0.15,6.312438299862672,1.2624876599725343,1.159148469338131,4,14795,-0.012142862097286378,2.3664532978485298,1.128896211224071,0.03429518630326776,2.79493646658409
LGB_5seed,0.55,0.2,6.312438299862672,1.2624876599725343,1.159148469338131,4,14795,-0.012142862097286378,2.3664532978485298,1.128896211224071,0.03429518630326776,2.79493646658409
LGB_5seed,0.55,0.1,6.312438299862672,1.2624876599725343,1.159148469338131,4,14795,-0.012142862097286378,2.3664532978485298,1.128896211224071,0.03429518630326776,2.79493646658409
LGB_5seed,0.55,0.05,6.312438299862672,1.2624876599725343,1.159148469338131,4,14795,-0.012142862097286378,2.3664532978485298,1.128896211224071,0.03429518630326776,2.79493646658409
LGB_5seed,0.4,0.1,6.019516684232023,1.2039033368464047,4.348707392852417,3,177397,1.81095856163627,-1.1337619065109124,-3.8365296281384946,0.09533932152340943,9.083510335721751
LGB_5seed,0.4,0.15,4.991536794285222,0.9983073588570444,3.5880831845048733,3,157157,1.1255962534354007,-0.7783758738377542,-3.0789520359170996,0.10813097752683577,7.615137473077839
LGB_5seed,0.35,0.15,4.063899869601913,0.8127799739203827,3.62712283489462,3,162641,1.0828273008706124,-1.0967268003704702,-3.437991927156476,0.10793097752683578,7.407860318731411
LGB_5seed,0.6,0.2,3.1854740950316747,0.6370948190063349,0.5833672571125132,4,3686,-0.01590984628203629,1.1543288830650251,0.6217572626560606,0.006961808795303392,1.418335986797322
LGB_5seed,0.6,0.1,3.1854740950316747,0.6370948190063349,0.5833672571125132,4,3686,-0.01590984628203629,1.1543288830650251,0.6217572626560606,0.006961808795303392,1.418335986797322
LGB_5seed,0.6,0.15,3.1854740950316747,0.6370948190063349,0.5833672571125132,4,3686,-0.01590984628203629,1.1543288830650251,0.6217572626560606,0.006961808795303392,1.418335986797322
LGB_5seed,0.6,0.0,3.1854740950316747,0.6370948190063349,0.5833672571125132,4,3686,-0.01590984628203629,1.1543288830650251,0.6217572626560606,0.006961808795303392,1.418335986797322
LGB_5seed,0.6,0.05,3.1854740950316747,0.6370948190063349,0.5833672571125132,4,3686,-0.01590984628203629,1.1543288830650251,0.6217572626560606,0.006961808795303392,1.418335986797322
LGB_5seed,0.6,0.25,3.1854740950316747,0.6370948190063349,0.5833672571125132,4,3686,-0.01590984628203629,1.1543288830650251,0.6217572626560606,0.006961808795303392,1.418335986797322
LGB_5seed,0.35,0.1,3.0668697463851284,0.6133739492770257,4.576510851861183,3,200022,1.7595960579564864,-2.0837178070415376,-5.18866409317022,0.08044199434188269,8.499213594298517
LGB_5seed,0.35,0.05,0.817237998888967,0.16344759977779338,5.001120242393928,3,232906,2.1401438087565143,-3.066882084573948,-6.596848084239067,0.11451939236531572,8.226304966580152
LGB_5seed,0.65,0.2,0.7465730716874714,0.1493146143374943,0.14744516289304432,3,536,0.0,0.22981609485066593,0.12830096044107014,0.0,0.38845601639573535
LGB_5seed,0.65,0.0,0.7465730716874714,0.1493146143374943,0.14744516289304432,3,536,0.0,0.22981609485066593,0.12830096044107014,0.0,0.38845601639573535
LGB_5seed,0.65,0.05,0.7465730716874714,0.1493146143374943,0.14744516289304432,3,536,0.0,0.22981609485066593,0.12830096044107014,0.0,0.38845601639573535
LGB_5seed,0.65,0.1,0.7465730716874714,0.1493146143374943,0.14744516289304432,3,536,0.0,0.22981609485066593,0.12830096044107014,0.0,0.38845601639573535
LGB_5seed,0.65,0.15,0.7465730716874714,0.1493146143374943,0.14744516289304432,3,536,0.0,0.22981609485066593,0.12830096044107014,0.0,0.38845601639573535
LGB_5seed,0.65,0.25,0.7465730716874714,0.1493146143374943,0.14744516289304432,3,536,0.0,0.22981609485066593,0.12830096044107014,0.0,0.38845601639573535
LGB_5seed,0.7,0.1,0.01947250856312103,0.0038945017126242056,0.0064505993763953095,2,23,0.0,0.0028697564605635823,0.0,0.0,0.016602752102557447
LGB_5seed,0.7,0.0,0.01947250856312103,0.0038945017126242056,0.0064505993763953095,2,23,0.0,0.0028697564605635823,0.0,0.0,0.016602752102557447
LGB_5seed,0.7,0.05,0.01947250856312103,0.0038945017126242056,0.0064505993763953095,2,23,0.0,0.0028697564605635823,0.0,0.0,0.016602752102557447
LGB_5seed,0.7,0.2,0.01947250856312103,0.0038945017126242056,0.0064505993763953095,2,23,0.0,0.0028697564605635823,0.0,0.0,0.016602752102557447
LGB_5seed,0.7,0.15,0.01947250856312103,0.0038945017126242056,0.0064505993763953095,2,23,0.0,0.0028697564605635823,0.0,0.0,0.016602752102557447
LGB_5seed,0.7,0.25,0.01947250856312103,0.0038945017126242056,0.0064505993763953095,2,23,0.0,0.0028697564605635823,0.0,0.0,0.016602752102557447
LGB_5seed,0.35,0.0,-0.5182611252803832,-0.10365222505607663,5.0637708865012865,3,259201,2.038656104077849,-3.690670817107689,-6.90251371809034,0.10981333922623207,7.926453966613565
ENS_alpha=0.05,0.45,0.0,10.710572129999788,2.1421144259999574,2.8639034677446724,4,95759,1.0988712494823223,1.8068901064673781,-0.026630424055894997,0.12005387539193821,7.711387322714045
ENS_alpha=0.05,0.45,0.05,10.7090381520541,2.14180763041082,2.8641835827588924,4,95749,1.0988712494823223,1.807428069664044,-0.026630424055894997,0.11798193424958493,7.711387322714045
ENS_alpha=0.05,0.45,0.1,10.695570801994169,2.139114160398834,2.8659019552178866,4,95590,1.075417191013159,1.821314855285214,-0.01998320221288552,0.10777190016311577,7.711050057745565
ENS_alpha=0.05,0.45,0.15,10.47327526995814,2.094655053991628,2.813228111650217,5,93976,0.9792986108767398,1.8293079413599687,0.007629101471726685,0.09431429304049668,7.562725323209208
ENS_alpha=0.05,0.5,0.0,10.017638683851327,2.0035277367702653,1.7388336725723859,5,38782,0.2709853454643062,3.3579585623477777,1.8066690341859002,0.046299308809441615,4.535726433043902
ENS_alpha=0.05,0.5,0.1,10.017638683851327,2.0035277367702653,1.7388336725723859,5,38782,0.2709853454643062,3.3579585623477777,1.8066690341859002,0.046299308809441615,4.535726433043902
ENS_alpha=0.05,0.5,0.05,10.017638683851327,2.0035277367702653,1.7388336725723859,5,38782,0.2709853454643062,3.3579585623477777,1.8066690341859002,0.046299308809441615,4.535726433043902
ENS_alpha=0.05,0.5,0.15,10.01431472364465,2.00286294472893,1.738300030606976,5,38775,0.2709853454643062,3.3545433760820864,1.8067602602449133,0.046299308809441615,4.535726433043902
ENS_alpha=0.05,0.5,0.2,9.951510052254697,1.9903020104509395,1.7268638379819332,5,38584,0.267036011355801,3.312122960787584,1.8092319028809494,0.04649930880944162,4.5166198684209204
ENS_alpha=0.05,0.45,0.2,9.939282942273879,1.9878565884547759,2.48540614906785,5,86866,0.7413731815289909,1.9237474622631887,0.40791296017059203,0.06752173308464665,6.7987276052264605
ENS_alpha=0.05,0.5,0.25,9.72947125487194,1.9458942509743882,1.6875191775481693,5,37066,0.22525315033368706,3.2709427293286524,1.8157272731239762,0.04462403486203493,4.37292406722359
ENS_alpha=0.05,0.45,0.25,9.484410493492666,1.896882098698533,1.9353207287671526,5,70904,0.6247161139342255,2.3064818335275694,1.0390847667745926,0.043624034862034936,5.470503744394243
ENS_alpha=0.05,0.35,0.25,8.488914206566166,1.6977828413132332,1.9292989698689427,5,82197,0.7692957988797502,1.5817185376071785,0.6641089769202005,0.043624034862034936,5.430166858297001
ENS_alpha=0.05,0.4,0.25,8.488914206566166,1.6977828413132332,1.9292989698689427,5,82197,0.7692957988797502,1.5817185376071785,0.6641089769202005,0.043624034862034936,5.430166858297001
ENS_alpha=0.05,0.4,0.2,6.531149412115313,1.3062298824230625,2.7124681255966627,4,119318,0.8000270784275364,0.052490936821647405,-0.9994677361195248,0.06961836249397796,6.608480770491676
ENS_alpha=0.05,0.35,0.2,6.531149412115313,1.3062298824230625,2.7124681255966627,4,119318,0.8000270784275364,0.052490936821647405,-0.9994677361195248,0.06961836249397796,6.608480770491676
ENS_alpha=0.05,0.4,0.0,6.384300288423942,1.2768600576847884,4.511306321537488,3,183617,2.372738951085439,-1.6422768777563281,-3.8309375864927038,0.16375549579166965,9.321020305795866
ENS_alpha=0.05,0.4,0.05,6.227731201138987,1.2455462402277973,4.473991344978239,3,181835,2.2097721584870684,-1.5855906276764542,-3.8064832253850467,0.13998330273679338,9.270049592976626
ENS_alpha=0.05,0.4,0.1,5.81975047575611,1.163950095151222,4.311268335528112,3,173561,1.712060219361419,-1.4221626906985447,-3.616881100599236,0.11006248877167352,9.036671558920798
ENS_alpha=0.05,0.55,0.0,5.400555945139909,1.0801111890279818,0.9958036000946374,4,12397,-0.061579990183047016,1.911447672121123,1.080830649426313,0.027533377507964373,2.442324236267556
ENS_alpha=0.05,0.55,0.2,5.400555945139909,1.0801111890279818,0.9958036000946374,4,12397,-0.061579990183047016,1.911447672121123,1.080830649426313,0.027533377507964373,2.442324236267556
ENS_alpha=0.05,0.55,0.05,5.400555945139909,1.0801111890279818,0.9958036000946374,4,12397,-0.061579990183047016,1.911447672121123,1.080830649426313,0.027533377507964373,2.442324236267556
ENS_alpha=0.05,0.55,0.1,5.400555945139909,1.0801111890279818,0.9958036000946374,4,12397,-0.061579990183047016,1.911447672121123,1.080830649426313,0.027533377507964373,2.442324236267556
ENS_alpha=0.05,0.55,0.15,5.400555945139909,1.0801111890279818,0.9958036000946374,4,12397,-0.061579990183047016,1.911447672121123,1.080830649426313,0.027533377507964373,2.442324236267556
ENS_alpha=0.05,0.55,0.25,5.3989257611810695,1.0797851522362139,0.9955315879477377,4,12394,-0.061579990183047016,1.9098174881622831,1.080830649426313,0.027533377507964373,2.442324236267556
ENS_alpha=0.05,0.4,0.15,4.975512048293501,0.9951024096587002,3.532970576944987,3,153513,1.051550154290961,-0.9855865565777273,-2.782194673749756,0.10679764066646502,7.584945483663558
ENS_alpha=0.05,0.35,0.15,4.000228680807807,0.8000457361615615,3.5307264240535585,3,159048,1.0035987640707102,-1.2717341847168524,-3.120815755612884,0.09830625431101275,7.290873602755821
ENS_alpha=0.05,0.35,0.1,2.8477811341545713,0.5695562268309142,4.507429453466615,3,197007,1.6423618162926,-2.28829446835615,-4.974304047830031,0.07014261400480239,8.39787522004335
ENS_alpha=0.05,0.6,0.1,2.4559458695068095,0.4911891739013619,0.46051855709892575,4,2749,-0.013061812078191631,0.9091429934535012,0.4379440315671449,0.004695471458849932,1.117225185105505
ENS_alpha=0.05,0.6,0.15,2.4559458695068095,0.4911891739013619,0.46051855709892575,4,2749,-0.013061812078191631,0.9091429934535012,0.4379440315671449,0.004695471458849932,1.117225185105505
ENS_alpha=0.05,0.6,0.0,2.4559458695068095,0.4911891739013619,0.46051855709892575,4,2749,-0.013061812078191631,0.9091429934535012,0.4379440315671449,0.004695471458849932,1.117225185105505
ENS_alpha=0.05,0.6,0.05,2.4559458695068095,0.4911891739013619,0.46051855709892575,4,2749,-0.013061812078191631,0.9091429934535012,0.4379440315671449,0.004695471458849932,1.117225185105505
ENS_alpha=0.05,0.6,0.2,2.4559458695068095,0.4911891739013619,0.46051855709892575,4,2749,-0.013061812078191631,0.9091429934535012,0.4379440315671449,0.004695471458849932,1.117225185105505
ENS_alpha=0.05,0.6,0.25,2.4559458695068095,0.4911891739013619,0.46051855709892575,4,2749,-0.013061812078191631,0.9091429934535012,0.4379440315671449,0.004695471458849932,1.117225185105505
ENS_alpha=0.05,0.35,0.05,0.832406002606405,0.166481200521281,4.96898523755183,3,229890,2.1080777475941126,-3.217666475623359,-6.38942520470175,0.08745981892374775,8.243960116413653
ENS_alpha=0.05,0.65,0.2,0.3811244121050617,0.07622488242101234,0.08265220844424997,3,308,0.0,0.11561472388005961,0.047333419237025026,0.0,0.21817626898797707
ENS_alpha=0.05,0.65,0.0,0.3811244121050617,0.07622488242101234,0.08265220844424997,3,308,0.0,0.11561472388005961,0.047333419237025026,0.0,0.21817626898797707
ENS_alpha=0.05,0.65,0.05,0.3811244121050617,0.07622488242101234,0.08265220844424997,3,308,0.0,0.11561472388005961,0.047333419237025026,0.0,0.21817626898797707
ENS_alpha=0.05,0.65,0.1,0.3811244121050617,0.07622488242101234,0.08265220844424997,3,308,0.0,0.11561472388005961,0.047333419237025026,0.0,0.21817626898797707
ENS_alpha=0.05,0.65,0.15,0.3811244121050617,0.07622488242101234,0.08265220844424997,3,308,0.0,0.11561472388005961,0.047333419237025026,0.0,0.21817626898797707
ENS_alpha=0.05,0.65,0.25,0.3811244121050617,0.07622488242101234,0.08265220844424997,3,308,0.0,0.11561472388005961,0.047333419237025026,0.0,0.21817626898797707
ENS_alpha=0.05,0.7,0.1,-0.009237652906432671,-0.001847530581286534,0.004375176802464195,1,10,0.0,-0.01053957771037057,0.0,0.0,0.0013019248039378992
ENS_alpha=0.05,0.7,0.0,-0.009237652906432671,-0.001847530581286534,0.004375176802464195,1,10,0.0,-0.01053957771037057,0.0,0.0,0.0013019248039378992
ENS_alpha=0.05,0.7,0.05,-0.009237652906432671,-0.001847530581286534,0.004375176802464195,1,10,0.0,-0.01053957771037057,0.0,0.0,0.0013019248039378992
ENS_alpha=0.05,0.7,0.2,-0.009237652906432671,-0.001847530581286534,0.004375176802464195,1,10,0.0,-0.01053957771037057,0.0,0.0,0.0013019248039378992
ENS_alpha=0.05,0.7,0.15,-0.009237652906432671,-0.001847530581286534,0.004375176802464195,1,10,0.0,-0.01053957771037057,0.0,0.0,0.0013019248039378992
ENS_alpha=0.05,0.7,0.25,-0.009237652906432671,-0.001847530581286534,0.004375176802464195,1,10,0.0,-0.01053957771037057,0.0,0.0,0.0013019248039378992
ENS_alpha=0.05,0.35,0.0,-0.41726428765033935,-0.08345285753006787,5.062823677588707,3,256304,2.128488406298311,-3.908873463110633,-6.711059871102013,0.11590018809081531,7.958280452173181
ENS_alpha=0.10,0.45,0.0,10.419346830192314,2.0838693660384626,2.695855052613722,5,90992,1.044032106726229,1.6775136513020685,0.23519130210178207,0.10873068508683578,7.353879084975398
ENS_alpha=0.10,0.45,0.05,10.415807170953602,2.0831614341907203,2.6967512292239877,5,90984,1.044032106726229,1.6807414055878112,0.23519130210178207,0.10196327156238184,7.353879084975398
ENS_alpha=0.10,0.45,0.1,10.40738818495137,2.0814776369902743,2.6988084373075996,5,90857,1.0278146210214572,1.6962985340856827,0.23584698651941072,0.09335363806142241,7.354074405263399
ENS_alpha=0.10,0.45,0.15,10.193703909590203,2.0387407819180408,2.657913736643989,5,89456,0.9372660338333642,1.7080623636923984,0.2531691655817421,0.06746421401359977,7.2277421324691
ENS_alpha=0.10,0.45,0.2,9.65779419633425,1.93155883926685,2.354583929153448,5,82889,0.7053244797561093,1.7800489771472459,0.612598554126982,0.053616188107379024,6.506205997196533
ENS_alpha=0.10,0.5,0.15,9.446682186480569,1.8893364372961137,1.6003321777718496,5,35052,0.2278999540875887,2.927818915255143,1.9960382958692864,0.047241697814967454,4.247683323453583
ENS_alpha=0.10,0.5,0.0,9.44564913494534,1.889129826989068,1.6001981526036082,5,35055,0.2278999540875887,2.926785863719914,1.9960382958692864,0.047241697814967454,4.247683323453583
ENS_alpha=0.10,0.5,0.05,9.44564913494534,1.889129826989068,1.6001981526036082,5,35055,0.2278999540875887,2.926785863719914,1.9960382958692864,0.047241697814967454,4.247683323453583
ENS_alpha=0.10,0.5,0.1,9.44564913494534,1.889129826989068,1.6001981526036082,5,35055,0.2278999540875887,2.926785863719914,1.9960382958692864,0.047241697814967454,4.247683323453583
ENS_alpha=0.10,0.5,0.2,9.405467995257741,1.8810935990515483,1.598445021914312,5,34902,0.21601641689734863,2.905882304752134,1.9972019999468777,0.045375853692949955,4.240991419968431
ENS_alpha=0.10,0.5,0.25,9.170300629605135,1.834060125921027,1.5556805650425314,5,33611,0.19263535698809747,2.8398624526514133,1.991610956249272,0.04138507490100305,4.10480678881535
ENS_alpha=0.10,0.45,0.25,9.158545929767483,1.8317091859534966,1.8523691532637523,5,67719,0.601558120633609,2.1480090723224343,1.1011030381254212,0.040785074901003054,5.267090623785015
ENS_alpha=0.10,0.35,0.25,8.323971372363381,1.6647942744726762,1.855782700247296,5,79387,0.7384057325318014,1.4568304287671918,0.8217557654798604,0.040785074901003054,5.266194370683525
ENS_alpha=0.10,0.4,0.25,8.323971372363381,1.6647942744726762,1.855782700247296,5,79387,0.7384057325318014,1.4568304287671918,0.8217557654798604,0.040785074901003054,5.266194370683525
ENS_alpha=0.10,0.4,0.2,6.414128732559871,1.2828257465119743,2.6734259667065294,3,116034,0.8195953076628272,-0.16885049257226037,-0.818502663548992,0.05571281751671033,6.526173763501586
ENS_alpha=0.10,0.35,0.2,6.414128732559871,1.2828257465119743,2.6734259667065294,3,116034,0.8195953076628272,-0.16885049257226037,-0.818502663548992,0.05571281751671033,6.526173763501586
ENS_alpha=0.10,0.4,0.0,6.2261690957728515,1.2452338191545702,4.516672132147689,3,179018,2.2651866225905737,-1.989405013916142,-3.572441227350181,0.14831346744113322,9.374515247007468
ENS_alpha=0.10,0.4,0.05,6.044954169877538,1.2089908339755078,4.4841778865502,3,177439,2.128617765594343,-1.977941017078025,-3.547995657740058,0.12560866574947727,9.316664413351802
ENS_alpha=0.10,0.4,0.1,5.585732036419955,1.117146407283991,4.288668935232018,3,169616,1.6296217808635378,-1.767091513953872,-3.3809926807668638,0.10513661773052696,8.999057832546626
ENS_alpha=0.10,0.55,0.0,4.910926961088504,0.9821853922177007,0.9121113920145084,4,10329,-0.02768120679981965,1.524856207031269,1.0375529281136906,0.01388765749182273,2.3623113752515414
ENS_alpha=0.10,0.55,0.2,4.910926961088504,0.9821853922177007,0.9121113920145084,4,10329,-0.02768120679981965,1.524856207031269,1.0375529281136906,0.01388765749182273,2.3623113752515414
ENS_alpha=0.10,0.55,0.05,4.910926961088504,0.9821853922177007,0.9121113920145084,4,10329,-0.02768120679981965,1.524856207031269,1.0375529281136906,0.01388765749182273,2.3623113752515414
ENS_alpha=0.10,0.55,0.1,4.910926961088504,0.9821853922177007,0.9121113920145084,4,10329,-0.02768120679981965,1.524856207031269,1.0375529281136906,0.01388765749182273,2.3623113752515414
ENS_alpha=0.10,0.55,0.15,4.910926961088504,0.9821853922177007,0.9121113920145084,4,10329,-0.02768120679981965,1.524856207031269,1.0375529281136906,0.01388765749182273,2.3623113752515414
ENS_alpha=0.10,0.55,0.25,4.907485542050371,0.9814971084100742,0.9117028371742779,4,10324,-0.02768120679981965,1.5214147879931357,1.0375529281136906,0.01388765749182273,2.3623113752515414
ENS_alpha=0.10,0.4,0.15,4.806119044221151,0.9612238088442302,3.47170738779597,3,149986,1.0258512664346344,-1.2638254396007413,-2.511851657626348,0.07808452054494926,7.477860354468657
ENS_alpha=0.10,0.35,0.15,4.017070563540765,0.8034141127081529,3.465110794385411,3,155567,0.9482797906989507,-1.445993080995298,-2.7988115562712643,0.07249026297464775,7.241105147133728
ENS_alpha=0.10,0.35,0.1,2.832037813845281,0.5664075627690562,4.535468363939783,3,193969,1.5140588216313213,-2.520127498824401,-4.772667959568708,0.06498868626826099,8.545785764338808
ENS_alpha=0.10,0.6,0.1,1.7449835227932105,0.34899670455864207,0.3283063403939323,3,1970,-0.005648457577555617,0.6342879821439902,0.31073144653108487,0.0,0.8056125516956911
ENS_alpha=0.10,0.6,0.15,1.7449835227932105,0.34899670455864207,0.3283063403939323,3,1970,-0.005648457577555617,0.6342879821439902,0.31073144653108487,0.0,0.8056125516956911
ENS_alpha=0.10,0.6,0.0,1.7449835227932105,0.34899670455864207,0.3283063403939323,3,1970,-0.005648457577555617,0.6342879821439902,0.31073144653108487,0.0,0.8056125516956911
ENS_alpha=0.10,0.6,0.05,1.7449835227932105,0.34899670455864207,0.3283063403939323,3,1970,-0.005648457577555617,0.6342879821439902,0.31073144653108487,0.0,0.8056125516956911
ENS_alpha=0.10,0.6,0.2,1.7449835227932105,0.34899670455864207,0.3283063403939323,3,1970,-0.005648457577555617,0.6342879821439902,0.31073144653108487,0.0,0.8056125516956911
ENS_alpha=0.10,0.6,0.25,1.7449835227932105,0.34899670455864207,0.3283063403939323,3,1970,-0.005648457577555617,0.6342879821439902,0.31073144653108487,0.0,0.8056125516956911
ENS_alpha=0.10,0.35,0.05,0.8591433712608315,0.1718286742521663,5.067146026271307,3,227025,2.0394847315389653,-3.523901827417184,-6.260666594091005,0.07495255651916473,8.52927450471089
ENS_alpha=0.10,0.65,0.2,0.09851600004154885,0.01970320000830977,0.026235081022841836,3,177,0.0,0.028658907851011942,0.0023621664197404344,0.0,0.06749492577079648
ENS_alpha=0.10,0.65,0.0,0.09851600004154885,0.01970320000830977,0.026235081022841836,3,177,0.0,0.028658907851011942,0.0023621664197404344,0.0,0.06749492577079648
ENS_alpha=0.10,0.65,0.05,0.09851600004154885,0.01970320000830977,0.026235081022841836,3,177,0.0,0.028658907851011942,0.0023621664197404344,0.0,0.06749492577079648
ENS_alpha=0.10,0.65,0.1,0.09851600004154885,0.01970320000830977,0.026235081022841836,3,177,0.0,0.028658907851011942,0.0023621664197404344,0.0,0.06749492577079648
ENS_alpha=0.10,0.65,0.15,0.09851600004154885,0.01970320000830977,0.026235081022841836,3,177,0.0,0.028658907851011942,0.0023621664197404344,0.0,0.06749492577079648
ENS_alpha=0.10,0.65,0.25,0.09851600004154885,0.01970320000830977,0.026235081022841836,3,177,0.0,0.028658907851011942,0.0023621664197404344,0.0,0.06749492577079648
ENS_alpha=0.10,0.7,0.1,-0.010350219428802161,-0.002070043885760432,0.004140087771520865,0,6,0.0,-0.010350219428802161,0.0,0.0,0.0
ENS_alpha=0.10,0.7,0.0,-0.010350219428802161,-0.002070043885760432,0.004140087771520865,0,6,0.0,-0.010350219428802161,0.0,0.0,0.0
ENS_alpha=0.10,0.7,0.05,-0.010350219428802161,-0.002070043885760432,0.004140087771520865,0,6,0.0,-0.010350219428802161,0.0,0.0,0.0
ENS_alpha=0.10,0.7,0.2,-0.010350219428802161,-0.002070043885760432,0.004140087771520865,0,6,0.0,-0.010350219428802161,0.0,0.0,0.0
ENS_alpha=0.10,0.7,0.15,-0.010350219428802161,-0.002070043885760432,0.004140087771520865,0,6,0.0,-0.010350219428802161,0.0,0.0,0.0
ENS_alpha=0.10,0.7,0.25,-0.010350219428802161,-0.002070043885760432,0.004140087771520865,0,6,0.0,-0.010350219428802161,0.0,0.0,0.0
ENS_alpha=0.10,0.35,0.0,-0.2333029611258077,-0.04666059222516154,5.200503651518461,3,253204,2.256720826556701,-4.2515687363376,-6.621509590908846,0.12420255790743154,8.258851981656505
ENS_alpha=0.15,0.45,0.05,9.683238452888741,1.936647690577748,2.4999113512108164,5,86172,0.9094433785032243,1.485986224990357,0.36809261333056187,0.07689829553343355,6.842817940531164
ENS_alpha=0.15,0.45,0.0,9.68283786906878,1.9365675738137562,2.49992579903165,5,86174,0.9094433785032243,1.485585641170397,0.36809261333056187,0.07689829553343355,6.842817940531164
ENS_alpha=0.15,0.45,0.1,9.647651347867477,1.9295302695734953,2.4997668664508566,5,86076,0.8961607538363141,1.4797896289461399,0.3681971281920686,0.06782121154882241,6.835682625344132
ENS_alpha=0.15,0.45,0.15,9.462015085997479,1.8924030171994957,2.4550973140942522,5,84890,0.8261239064856896,1.4735852774493412,0.38688841483417336,0.06455496907571212,6.710862518152561
ENS_alpha=0.15,0.45,0.2,8.974187636298396,1.7948375272596793,2.167179975492815,5,78774,0.6318898922242124,1.5143167398012614,0.7464754363707936,0.053401667198241805,6.028103900703886
ENS_alpha=0.15,0.45,0.25,8.54985405941958,1.709970811883916,1.6911449298222663,5,64647,0.6139903209697025,1.8563545765482528,1.1782884014747896,0.03219413198330319,4.869026628443532
ENS_alpha=0.15,0.5,0.05,8.518832438571977,1.7037664877143954,1.444482682060124,5,31570,0.14871413007090115,2.439800118371407,2.038037166989985,0.04305216213829347,3.8492288610013894
ENS_alpha=0.15,0.5,0.0,8.518832438571977,1.7037664877143954,1.444482682060124,5,31570,0.14871413007090115,2.439800118371407,2.038037166989985,0.04305216213829347,3.8492288610013894
ENS_alpha=0.15,0.5,0.1,8.518832438571977,1.7037664877143954,1.444482682060124,5,31570,0.14871413007090115,2.439800118371407,2.038037166989985,0.04305216213829347,3.8492288610013894
ENS_alpha=0.15,0.5,0.15,8.516763163027818,1.7033526326055637,1.444272024695893,5,31569,0.14871413007090115,2.437730842827249,2.038037166989985,0.04305216213829347,3.8492288610013894
ENS_alpha=0.15,0.5,0.2,8.480071450713867,1.6960142901427733,1.4442932266275237,5,31459,0.14047872458115634,2.420429070338233,2.0287632234235153,0.04118631801627598,3.8492141143546865
ENS_alpha=0.15,0.5,0.25,8.335115409642894,1.6670230819285787,1.4265265103641296,5,30448,0.12148996422074841,2.349097099588313,2.042209283454615,0.03219413198330319,3.790124930395914
ENS_alpha=0.15,0.35,0.25,7.618472691797966,1.5236945383595932,1.7649033031642671,5,76725,0.7699836053106345,1.1005698181779464,0.7315134055777293,0.03219413198330319,4.984211730748353
ENS_alpha=0.15,0.4,0.25,7.618472691797966,1.5236945383595932,1.7649033031642671,5,76725,0.7699836053106345,1.1005698181779464,0.7315134055777293,0.03219413198330319,4.984211730748353
ENS_alpha=0.15,0.4,0.2,5.92197049215687,1.1843940984313739,2.5850688275726537,3,112664,0.9045189890943987,-0.4067351551917552,-0.8512215674029088,0.05320166719824181,6.222206558458893
ENS_alpha=0.15,0.35,0.2,5.92197049215687,1.1843940984313739,2.5850688275726537,3,112664,0.9045189890943987,-0.4067351551917552,-0.8512215674029088,0.05320166719824181,6.222206558458893
ENS_alpha=0.15,0.4,0.0,5.737142889954701,1.1474285779909401,4.617847785196644,3,174437,2.191364523950833,-2.3891270752136533,-3.6628916421531263,0.15024732456353224,9.447549758807115
ENS_alpha=0.15,0.4,0.05,5.585604741070967,1.1171209482141935,4.586191181560596,3,173093,2.1016524269936396,-2.3881731141183704,-3.6397411060380627,0.12993541338799905,9.381931120845762
ENS_alpha=0.15,0.4,0.1,4.93681061368666,0.987362122737332,4.3754308658175205,3,165814,1.618328859705695,-2.260926323035687,-3.500870356783972,0.10258366762591331,8.97769476617471
ENS_alpha=0.15,0.4,0.15,4.249450821523945,0.849890164304789,3.5088386332996784,3,146347,1.0157979236864014,-1.7061163690989372,-2.532943935329555,0.06947069741746877,7.403242504848567
ENS_alpha=0.15,0.55,0.0,4.184916863067847,0.8369833726135694,0.7908540998669578,4,8585,-0.03489914053485382,1.229116112396156,0.9146042642721728,0.006925848696519339,2.069169778237853
ENS_alpha=0.15,0.55,0.05,4.184916863067847,0.8369833726135694,0.7908540998669578,4,8585,-0.03489914053485382,1.229116112396156,0.9146042642721728,0.006925848696519339,2.069169778237853
ENS_alpha=0.15,0.55,0.1,4.184916863067847,0.8369833726135694,0.7908540998669578,4,8585,-0.03489914053485382,1.229116112396156,0.9146042642721728,0.006925848696519339,2.069169778237853
ENS_alpha=0.15,0.55,0.15,4.184916863067847,0.8369833726135694,0.7908540998669578,4,8585,-0.03489914053485382,1.229116112396156,0.9146042642721728,0.006925848696519339,2.069169778237853
ENS_alpha=0.15,0.55,0.2,4.184916863067847,0.8369833726135694,0.7908540998669578,4,8585,-0.03489914053485382,1.229116112396156,0.9146042642721728,0.006925848696519339,2.069169778237853
ENS_alpha=0.15,0.55,0.25,4.183454186323743,0.8366908372647487,0.7907092539033956,4,8584,-0.03489914053485382,1.2276534356520519,0.9146042642721728,0.006925848696519339,2.069169778237853
ENS_alpha=0.15,0.35,0.15,3.3944213780868653,0.6788842756173731,3.491075206114391,3,152026,0.900939869475975,-1.8597158241503868,-2.845544909398326,0.06637356863231803,7.132368673527285
ENS_alpha=0.15,0.35,0.1,2.140834316888822,0.42816686337776444,4.590743016685852,3,190977,1.4748623149751123,-2.9290517737236934,-4.936018419329435,0.09520575585013244,8.435836439116706
ENS_alpha=0.15,0.6,0.1,1.2044090933720997,0.24088181867441993,0.2356167053950929,3,1411,-0.009197659859941061,0.3730577904964218,0.2263951106617738,0.0,0.6141538520738452
ENS_alpha=0.15,0.6,0.15,1.2044090933720997,0.24088181867441993,0.2356167053950929,3,1411,-0.009197659859941061,0.3730577904964218,0.2263951106617738,0.0,0.6141538520738452
ENS_alpha=0.15,0.6,0.0,1.2044090933720997,0.24088181867441993,0.2356167053950929,3,1411,-0.009197659859941061,0.3730577904964218,0.2263951106617738,0.0,0.6141538520738452
ENS_alpha=0.15,0.6,0.05,1.2044090933720997,0.24088181867441993,0.2356167053950929,3,1411,-0.009197659859941061,0.3730577904964218,0.2263951106617738,0.0,0.6141538520738452
ENS_alpha=0.15,0.6,0.2,1.2044090933720997,0.24088181867441993,0.2356167053950929,3,1411,-0.009197659859941061,0.3730577904964218,0.2263951106617738,0.0,0.6141538520738452
ENS_alpha=0.15,0.6,0.25,1.2044090933720997,0.24088181867441993,0.2356167053950929,3,1411,-0.009197659859941061,0.3730577904964218,0.2263951106617738,0.0,0.6141538520738452
ENS_alpha=0.15,0.35,0.05,0.2827240933232601,0.05654481866465202,5.163362622480858,3,224391,2.085964102114679,-3.9022205371470253,-6.452353583017073,0.06001415367509187,8.491319957697588
ENS_alpha=0.15,0.65,0.2,0.029732287154364618,0.005946457430872924,0.012242245599072008,1,117,0.0,-0.0006550052239382475,-3.8587158921506185e-05,0.0,0.030425879537224372
ENS_alpha=0.15,0.65,0.0,0.029732287154364618,0.005946457430872924,0.012242245599072008,1,117,0.0,-0.0006550052239382475,-3.8587158921506185e-05,0.0,0.030425879537224372
ENS_alpha=0.15,0.65,0.05,0.029732287154364618,0.005946457430872924,0.012242245599072008,1,117,0.0,-0.0006550052239382475,-3.8587158921506185e-05,0.0,0.030425879537224372
ENS_alpha=0.15,0.65,0.1,0.029732287154364618,0.005946457430872924,0.012242245599072008,1,117,0.0,-0.0006550052239382475,-3.8587158921506185e-05,0.0,0.030425879537224372
ENS_alpha=0.15,0.65,0.15,0.029732287154364618,0.005946457430872924,0.012242245599072008,1,117,0.0,-0.0006550052239382475,-3.8587158921506185e-05,0.0,0.030425879537224372
ENS_alpha=0.15,0.65,0.25,0.029732287154364618,0.005946457430872924,0.012242245599072008,1,117,0.0,-0.0006550052239382475,-3.8587158921506185e-05,0.0,0.030425879537224372
ENS_alpha=0.15,0.7,0.1,-0.011638095195467563,-0.0023276190390935127,0.004655238078187025,0,5,0.0,-0.011638095195467563,0.0,0.0,0.0
ENS_alpha=0.15,0.7,0.0,-0.011638095195467563,-0.0023276190390935127,0.004655238078187025,0,5,0.0,-0.011638095195467563,0.0,0.0,0.0
ENS_alpha=0.15,0.7,0.05,-0.011638095195467563,-0.0023276190390935127,0.004655238078187025,0,5,0.0,-0.011638095195467563,0.0,0.0,0.0
ENS_alpha=0.15,0.7,0.2,-0.011638095195467563,-0.0023276190390935127,0.004655238078187025,0,5,0.0,-0.011638095195467563,0.0,0.0,0.0
ENS_alpha=0.15,0.7,0.15,-0.011638095195467563,-0.0023276190390935127,0.004655238078187025,0,5,0.0,-0.011638095195467563,0.0,0.0,0.0
ENS_alpha=0.15,0.7,0.25,-0.011638095195467563,-0.0023276190390935127,0.004655238078187025,0,5,0.0,-0.011638095195467563,0.0,0.0,0.0
ENS_alpha=0.15,0.35,0.0,-0.7067658390392011,-0.1413531678078402,5.361627284530001,3,249953,2.4338513017293515,-4.685201368643083,-6.847071726177424,0.08073021338423603,8.310925740667718
