T,delta,sum_cum_pnl,mean_cum_pnl,n_pos_folds,mean_accuracy,sum_n_active,fold0_pnl,fold1_pnl,fold2_pnl,fold3_pnl,fold4_pnl
0.45,0.25,8.867446602433166,1.773489320486633,4,0.6222674629026421,52541,1.366192104356358,2.221789242796468,1.5256390085394902,-0.014484856778019523,3.768311103518869
0.45,0.2,8.630655492579242,1.7261310985158484,4,0.5979709554831705,81415,0.10621406539936828,2.250391828412576,1.4096284912723878,-0.048298676780728106,4.912719784275639
0.5,0.25,8.38992023728882,1.6779840474577639,4,0.6226406985161057,30132,0.4035582904599058,2.7907792652357277,1.4801831388945361,-0.014484856778019523,3.7298843994766697
0.5,0.2,8.285399753677305,1.657079950735461,4,0.619534925805284,33037,0.19066014999010597,2.9149333452704314,1.5146571717416901,-0.054999978963602675,3.720149065638681
0.5,0.0,8.268458788762644,1.6536917577525287,4,0.6183925986246833,33918,0.19066014999010597,2.913726322729933,1.530708675851108,-0.08678542544718514,3.720149065638681
0.5,0.05,8.268458788762644,1.6536917577525287,4,0.6183925986246833,33918,0.19066014999010597,2.913726322729933,1.530708675851108,-0.08678542544718514,3.720149065638681
0.5,0.15,8.267514282213725,1.653502856442745,4,0.6188269091567137,33602,0.19066014999010597,2.9123464635311347,1.5236414315281537,-0.07928282847435143,3.720149065638681
0.5,0.1,8.267192114675654,1.6534384229351307,4,0.6184242671009772,33900,0.19066014999010597,2.913726322729933,1.530708675851108,-0.08805209953417474,3.720149065638681
0.35,0.25,7.8154047626054926,1.5630809525210985,4,0.6228397575099529,56956,1.330855327689042,1.7793969224297574,1.2814811557192745,-0.014484856778019523,3.438156213545438
0.4,0.25,7.8154047626054926,1.5630809525210985,4,0.6228397575099529,56956,1.330855327689042,1.7793969224297574,1.2814811557192745,-0.014484856778019523,3.438156213545438
0.45,0.15,5.9864525607996955,1.197290512159939,3,0.5710165580890336,101064,-2.428146752517641,2.471078356074818,0.9391567058611536,-0.05832870008718537,5.06269295146855
0.45,0.0,5.8244941680587,1.16489883361174,4,0.5605976293883461,108913,-2.7070190241907737,2.492186305465343,0.7983575381060715,0.17925710149500085,5.061712247183058
0.45,0.05,5.803991719204021,1.160798343840804,4,0.5635880383640971,106904,-2.7070190241907737,2.492186305465343,0.7966403964271968,0.16047179431919692,5.061712247183058
0.35,0.2,5.760804052144309,1.1521608104288616,4,0.5935599891422367,107132,0.18175390245661138,1.3079102491801262,0.7742086319625271,-0.048298676780728106,3.5452299453257723
0.4,0.2,5.760804052144309,1.1521608104288616,4,0.5935599891422367,107132,0.18175390245661138,1.3079102491801262,0.7742086319625271,-0.048298676780728106,3.5452299453257723
0.45,0.1,5.681922649996759,1.1363845299993518,4,0.5653320665942816,105485,-2.7070190241907737,2.489220418799433,0.8154174562869749,0.022591551918066423,5.061712247183058
0.55,0.25,4.749888211760603,0.9499776423521207,3,0.6238531487513572,9815,-0.0025448039018450344,1.631868367660401,1.015220382017317,-0.016080306018999607,2.1214245720037295
0.55,0.2,4.707547863422336,0.9415095726844672,3,0.6234097900832428,10034,-0.0025448039018450344,1.6311055191857249,1.0120046000743836,-0.05444202393965704,2.1214245720037295
0.55,0.0,4.706978241395577,0.9413956482791154,3,0.6233803836409699,10049,-0.0025448039018450344,1.6311055191857249,1.0120046000743836,-0.055011645966416625,2.1214245720037295
0.55,0.05,4.706978241395577,0.9413956482791154,3,0.6233803836409699,10049,-0.0025448039018450344,1.6311055191857249,1.0120046000743836,-0.055011645966416625,2.1214245720037295
0.55,0.15,4.706978241395577,0.9413956482791154,3,0.6233803836409699,10049,-0.0025448039018450344,1.6311055191857249,1.0120046000743836,-0.055011645966416625,2.1214245720037295
0.55,0.1,4.706978241395577,0.9413956482791154,3,0.6233803836409699,10049,-0.0025448039018450344,1.6311055191857249,1.0120046000743836,-0.055011645966416625,2.1214245720037295
0.6,0.0,1.8666176597871276,0.3733235319574255,4,0.6224031849439016,2517,0.0065082372600769565,0.7750475589716959,0.16023421293414136,-0.0008059205341752446,0.9256335711553886
0.6,0.05,1.8666176597871276,0.3733235319574255,4,0.6224031849439016,2517,0.0065082372600769565,0.7750475589716959,0.16023421293414136,-0.0008059205341752446,0.9256335711553886
0.6,0.1,1.8666176597871276,0.3733235319574255,4,0.6224031849439016,2517,0.0065082372600769565,0.7750475589716959,0.16023421293414136,-0.0008059205341752446,0.9256335711553886
0.6,0.15,1.8666176597871276,0.3733235319574255,4,0.6224031849439016,2517,0.0065082372600769565,0.7750475589716959,0.16023421293414136,-0.0008059205341752446,0.9256335711553886
0.6,0.2,1.8666176597871276,0.3733235319574255,4,0.6224031849439016,2517,0.0065082372600769565,0.7750475589716959,0.16023421293414136,-0.0008059205341752446,0.9256335711553886
0.6,0.25,1.8666176597871276,0.3733235319574255,4,0.6224031849439016,2517,0.0065082372600769565,0.7750475589716959,0.16023421293414136,-0.0008059205341752446,0.9256335711553886
0.65,0.0,0.34146816644389866,0.06829363328877973,3,0.6214078899746652,528,0.0,0.18179928766754033,0.00920401311349376,0.0,0.15046486566286457
0.65,0.05,0.34146816644389866,0.06829363328877973,3,0.6214078899746652,528,0.0,0.18179928766754033,0.00920401311349376,0.0,0.15046486566286457
0.65,0.1,0.34146816644389866,0.06829363328877973,3,0.6214078899746652,528,0.0,0.18179928766754033,0.00920401311349376,0.0,0.15046486566286457
0.65,0.15,0.34146816644389866,0.06829363328877973,3,0.6214078899746652,528,0.0,0.18179928766754033,0.00920401311349376,0.0,0.15046486566286457
0.65,0.2,0.34146816644389866,0.06829363328877973,3,0.6214078899746652,528,0.0,0.18179928766754033,0.00920401311349376,0.0,0.15046486566286457
0.65,0.25,0.34146816644389866,0.06829363328877973,3,0.6214078899746652,528,0.0,0.18179928766754033,0.00920401311349376,0.0,0.15046486566286457
0.7,0.0,0.04328871408783844,0.008657742817567687,2,0.6210753709735795,97,0.0,0.03705601977423826,0.0,0.0,0.006232694313600181
0.7,0.05,0.04328871408783844,0.008657742817567687,2,0.6210753709735795,97,0.0,0.03705601977423826,0.0,0.0,0.006232694313600181
0.7,0.1,0.04328871408783844,0.008657742817567687,2,0.6210753709735795,97,0.0,0.03705601977423826,0.0,0.0,0.006232694313600181
0.7,0.15,0.04328871408783844,0.008657742817567687,2,0.6210753709735795,97,0.0,0.03705601977423826,0.0,0.0,0.006232694313600181
0.7,0.2,0.04328871408783844,0.008657742817567687,2,0.6210753709735795,97,0.0,0.03705601977423826,0.0,0.0,0.006232694313600181
0.7,0.25,0.04328871408783844,0.008657742817567687,2,0.6210753709735795,97,0.0,0.03705601977423826,0.0,0.0,0.006232694313600181
0.4,0.15,-0.9333208087612704,-0.1866641617522541,2,0.5394498733260947,167275,-3.854491948620164,0.3402604870484103,-0.545889104698603,-0.06394318835006041,3.1907429458591468
0.35,0.15,-2.16559288331517,-0.433118576663034,2,0.5357243032935216,175864,-3.944810065254003,0.1310821167993088,-0.6886722181991471,-0.06394318835006041,2.4007504716887316
0.4,0.1,-5.1799145636747825,-1.0359829127349565,2,0.4947294607310894,204457,-6.45066892600488,-0.4131469178486098,-1.628060136746716,0.024422834079046093,3.287538582846377
0.4,0.05,-7.2775385465065865,-1.4555077093013173,2,0.4729325009048136,220614,-7.696435027513024,-0.6695436957743972,-2.432319964415158,0.22745056007941866,3.293309581116574
0.4,0.0,-7.605554670747318,-1.5211109341494635,2,0.4641852153456387,227238,-7.774705673488892,-0.7583410020791375,-2.8040826710312805,0.43826509473541886,3.293309581116574
0.35,0.1,-9.88611768365104,-1.977223536730208,2,0.47401375316684763,237730,-7.769229246361926,-1.3033862443159396,-2.3618096755477476,0.024022834079046124,1.524284648495526
0.35,0.05,-17.477368929830337,-3.4954737859660674,2,0.4227877307274702,283526,-11.276381322841202,-3.0140247314691004,-4.362520204960176,0.24062794685283165,0.9349293825873088
0.35,0.0,-20.907304351727465,-4.181460870345493,2,0.3933518820123055,310229,-12.034948045630045,-4.146891287458683,-6.12697953110303,0.4890775299585846,0.9124369825057079
